league_name,team_name,flag,name,age,position,tall,weight,full_time,half_time,minsPlayed,goals,asistsTotal,yellowCards,redCards,shotsPerGame_x,passSuccess_x,manOfTheMatch,aerialWonPerGame,rating,tacklePerGame,interceptionPerGame,foulsPerGame,offsideWonPerGame,clearancePerGame,wasDribbledPerGame,outfielderBlockPerGame,goalOwn,shotsPerGame_y,keyPassPerGame,dribbleWonPerGame,foulGivenPerGame,offsideGivenPerGame,dispossessedPerGame,turnoverPerGame,totalPassesPerGame,passSuccess_y,accurateCrossesPerGame,accurateLongPassPerGame,accurateThroughBallPerGame
LaLiga,Barcelona,ar,Lionel Messi,32," AM(CR),FW",170,72,10,1,901,12,6,1,0,3.6,81.4,7,0.4,8.65,0.6,0.1,0.5,0,0.1,0.6,0,0,3.6,2.7,5.1,1,0.4,1.9,2,52.7,81.4,0.5,1.7,0.5
LaLiga,Barcelona,uy,Luis Suárez,32," AM(CLR),FW",182,86,12,2,1014,9,3,3,0,3,73.6,0,0.4,7.49,0.2,0,0.8,0,0.5,0.4,0.1,0,3,0.9,1,0.7,0.6,0.7,0.9,23.3,73.6,0.1,1.2,0
LaLiga,Barcelona,br,Arthur,23, DMC,171,73,8,1,655,2,3,1,0,0.6,89.8,0,0.1,7.26,0.9,0.3,0.7,0,0.3,0.2,0,0,0.6,1,2.2,2.7,0.1,1.1,1.9,55.8,89.8,0.1,3,0.1
LaLiga,Barcelona,fr,Antoine Griezmann,28," AM(CLR),FW",176,73,14,1,1217,6,4,2,0,2,80,1,0.9,7.22,1.1,0.5,0.6,0,0.8,0.8,0.1,0,2,0.8,0.6,0.5,0.6,0.5,1.5,36.1,80,0.1,1.2,0.1
LaLiga,Barcelona,nl,Frenkie de Jong,22," D(C),DMC",180,74,15,1,1262,1,2,1,0,0.1,92.9,2,0.5,7.12,1.4,0.9,0.9,0,0.4,0.6,0.4,0,0.1,1.1,1.9,1.1,0.1,0.9,1,59.2,92.9,0.1,2.4,0.1
LaLiga,Barcelona,es,Sergio Busquets,31, DMC,189,76,10,3,942,1,2,5,0,0.2,89.5,0,0.6,7.06,2.5,1.3,1.2,0,0.6,1.1,0,0,0.2,1.1,0.6,1.3,0,0.2,0.5,67.8,89.5,0,3.8,0.2
LaLiga,Barcelona,fr,Samuel Umtiti,26, D(CL),182,75,3,1,277,0,0,1,0,0,88.6,0,2,7.00,0.8,1.3,1.8,0.3,5.3,0.5,0,0,0,0,1,1,0.3,0,0.3,41.5,88.6,0,1.5,0
LaLiga,Barcelona,es,Gerard Piqué,32, D(C),194,85,15,0,1343,1,0,8,0,0.5,90.1,1,3.4,6.96,0.9,0.9,1,0.6,4.3,0.2,0.9,0,0.5,0.3,0.2,0.5,0,0.2,0.4,71.2,90.1,0,4.7,0
LaLiga,Barcelona,es,Jordi Alba,30, D(L),170,68,7,0,602,1,0,1,0,0.3,89.1,0,0.1,6.93,1.3,1.3,0.7,0,1,0.3,0.1,0,0.3,1.3,0.9,0.4,0.3,0.1,0.6,77.1,89.1,0.4,2.6,0
LaLiga,Barcelona,br,Rafinha,26, M(CLR),174,71,2,1,187,0,0,0,0,2,90,0,0,6.93,1,0.3,1,0,0,0.3,0,0,2,1.7,1.3,4,0,1.7,2,50,90,1,2.3,0
LaLiga,Barcelona,fr,Clément Lenglet,24, D(C),186,81,13,0,1162,1,1,3,1,0.4,90.9,0,2.8,6.88,1.9,1.6,1.2,0.5,3.1,0.7,0.5,0,0.4,0.3,0.1,0.8,0,0.2,0.2,73,90.9,0,4.4,0
LaLiga,Barcelona,sn,Moussa Wague,21, D(R),177,70,1,0,90,0,0,0,0,0,88.1,0,1,6.88,2,1,1,1,0,0,0,0,0,0,3,0,0,1,0,59,88.1,0,3,0
LaLiga,Barcelona,pt,Nélson Semedo,26, D(R),177,67,10,3,866,0,2,1,0,0.2,89.6,0,0.4,6.82,1.9,0.7,0.9,0.2,0.8,0.2,0.1,0,0.2,0.2,1.3,1.4,0,0.8,1.3,44.4,89.6,0.2,1.8,0
LaLiga,Barcelona,es,Sergi Roberto,27," D(R),M(CR)",178,68,13,1,1097,0,2,6,0,0.3,90.1,0,1.2,6.76,1.1,1,0.8,0,1.3,0.4,0.1,0,0.3,0.6,0.5,1.4,0,0.8,0.9,60.1,90.1,0.3,0.6,0.1
LaLiga,Barcelona,es,Júnior Firpo,23," D(L),M(L)",184,78,7,1,595,1,0,2,0,0.4,88.6,0,0.6,6.71,1.8,1.3,2.5,0.4,0.8,0.8,0.3,0,0.4,0.8,0.5,1,0.1,0.3,1.1,52.6,88.6,0.4,0.9,0
LaLiga,Barcelona,fr,Ousmane Dembélé,22, AM(CLR),178,67,3,2,358,1,0,1,1,1,78,0,0.2,6.70,0.4,0,0.2,0,0,0.6,0,0,1,1.6,2.8,1,0.8,1,2.2,47.2,78,1,2.6,0.2
LaLiga,Barcelona,cl,Arturo Vidal,32, M(C),180,75,3,9,399,4,0,2,0,0.6,86,0,0.7,6.70,2.3,0.3,1,0,0.4,0.8,0.2,0,0.6,0.2,0.2,0.5,0.1,0.2,0.6,25.6,86,0.1,1.2,0
LaLiga,Barcelona,es,Carles Pérez,21, AM(R),173,75,5,3,458,1,2,0,0,1.8,82.7,0,0.1,6.69,0.8,0.1,0.4,0,0.1,1.5,0.3,0,1.8,0.8,1,0.4,0.3,1.1,1.5,31,82.7,0.4,0.3,0
LaLiga,Barcelona,gw,Ansu Fati,17, Forward,178,66,3,6,327,2,1,1,0,1.4,79.4,0,0.3,6.68,0.3,0.3,0.7,0,0,0.4,0,0,1.4,0.6,1.2,0.4,0.1,0.6,1.9,18.9,79.4,0.3,0.2,0
LaLiga,Barcelona,fr,Jean-Clair Todibo,19, D(C),190,81,1,1,77,0,0,0,0,0,96.1,0,1,6.53,0.5,0,0.5,0.5,3,0.5,0,0,0,0,0,0,0,0,0,25.5,96.1,0,1.5,0
LaLiga,Barcelona,de,Marc-André ter Stegen,27, GK,187,85,16,0,1440,0,2,0,0,0,86.7,0,0.6,6.51,0.1,0.1,0,0,0.9,0,0,0,0,0.1,0,0.1,0,0,0,27.3,86.7,0,5.9,0.1
LaLiga,Barcelona,hr,Ivan Rakitic,31, M(C),184,78,4,7,473,0,2,1,0,0.9,87.8,0,0.6,6.40,0.3,0.4,0.7,0,0.6,0.7,0.3,0,0.9,0.3,0.3,1.3,0,0.7,0.5,38.1,87.8,0.2,1.5,0.1
LaLiga,Barcelona,es,Carles Aleñá,21, M(C),180,73,1,2,81,0,0,0,0,0.3,93.8,0,0,6.20,0.3,0,0.7,0,0,0.7,0,0,0.3,0,0.7,0,0,0.3,0.7,21.3,93.8,0,1,0
LaLiga,Barcelona,uy,Ronald Araújo,20, Defender,188,79,0,1,14,0,0,0,1,0,100,0,0,5.17,0,0,1,0,1,0,0,0,0,0,0,0,0,0,0,1,100,0,0,0
LaLiga,Real Madrid,fr,Karim Benzema,31, FW,185,81,14,0,1214,11,5,0,0,4.1,85.7,6,1.3,7.82,0.4,0.1,0.5,0,1.1,0.2,0.1,0,4.1,1.8,1,0.4,0.6,1.3,2.2,30.5,85.7,0,1.4,0.2
LaLiga,Real Madrid,be,Eden Hazard,28," M(CLR),FW",175,74,7,1,609,1,1,0,0,1.1,84.2,1,0.8,7.60,0.5,0.3,1.1,0,0,1,0,0,1.1,1.4,4.4,3.8,0.3,2.1,2.3,37.3,84.2,0.3,1.6,0
LaLiga,Real Madrid,br,Casemiro,27, DMC,185,84,15,0,1320,1,1,5,0,1.1,84.5,0,3.3,7.55,3.7,2.3,2.3,0.1,1.6,1.9,0.2,0,1.1,0.3,0.6,1.9,0.1,0.5,0.6,58.7,84.5,0.2,6,0.1
LaLiga,Real Madrid,es,Daniel Carvajal,27, D(R),173,73,12,0,1080,1,4,2,0,0.5,87.1,2,1.3,7.37,2.3,1.4,1.3,0.2,0.8,0.6,0.3,0,0.5,1.6,0.7,0.7,0.2,0.3,1.8,64.7,87.1,0.6,3.1,0.1
LaLiga,Real Madrid,de,Toni Kroos,29, M(C),183,76,12,1,983,2,2,1,0,1.8,92.7,1,0.4,7.33,1.5,0.5,0.7,0,0.2,1.5,0,0,1.8,2.5,0.6,1.8,0,0.1,0.2,65.2,92.7,1.2,7.2,0.1
LaLiga,Real Madrid,fr,Raphael Varane,26, D(C),191,81,12,0,1080,1,1,1,0,0.3,88.5,0,3,7.15,1.3,0.9,0.3,0.5,4.5,0.3,0.5,0,0.3,0.2,0.3,0.3,0,0.1,0.5,51.6,88.5,0,4.1,0
LaLiga,Real Madrid,es,Nacho,29, D(CLR),180,76,2,0,180,0,0,2,0,1.5,86,0,2.5,7.09,1.5,1.5,2,0,2.5,1.5,0,0,1.5,1,0.5,2.5,0,1,1.5,43,86,0.5,1.5,0
LaLiga,Real Madrid,gb,Gareth Bale,30," M(CLR),FW",185,81,7,1,608,2,2,0,1,2.3,82.1,0,2,7.01,0.5,0.1,1.1,0,0.4,0.6,0.1,0,2.3,1,1.3,0.6,0.4,1,0.9,30.8,82.1,0.8,1.6,0
LaLiga,Real Madrid,hr,Luka Modric,34, M(C),172,66,5,5,546,2,4,1,1,0.9,89.2,1,0.3,7.01,0.9,0.8,1,0,0.2,1,0.1,0,0.9,1.5,1.1,0.7,0.1,1,1.3,36,89.2,0.7,2.3,0
LaLiga,Real Madrid,uy,Federico Valverde,21, M(CL),182,78,7,4,609,2,2,1,0,1.2,86.1,0,1.3,7.00,1.5,0.7,0.7,0,0.4,0.6,0.1,0,1.2,0.6,0.6,0.5,0,0.6,1.3,27.5,86.1,0.1,1.6,0.1
LaLiga,Real Madrid,br,Marcelo,31, D(L),174,75,6,0,540,0,1,1,0,1,86.6,0,0.3,6.95,1,0.7,0.7,0.2,1.2,1.7,0.2,0,1,2,1.2,1,0,0.3,1.2,67.3,86.6,0.7,4.3,0
LaLiga,Real Madrid,es,Sergio Ramos,33, D(CR),184,82,15,0,1320,3,0,3,0,1.1,91.1,0,2.3,6.93,1.4,1.5,1.4,0.6,3.5,0.5,0.1,0,1.1,0.1,0.1,0.7,0.1,0.1,0.3,62.3,91.1,0,5.7,0
LaLiga,Real Madrid,co,James Rodríguez,28, AM(CLR),180,75,4,3,341,1,1,1,0,1.3,82.3,0,0.4,6.87,1.7,0.4,0.7,0,0.1,0.7,0,0,1.3,2,0.1,0.9,0.3,0.4,1,33,82.3,0.9,2.4,0.6
LaLiga,Real Madrid,br,Rodrygo,18, AM(CLR),174,64,4,3,373,2,0,0,0,1.1,89.8,0,0.3,6.84,0.1,1,0.6,0,0.3,0.9,0,0,1.1,0.7,1,0.9,0.1,0.6,1.7,23.9,89.8,0.3,0.7,0
LaLiga,Real Madrid,fr,Ferland Mendy,24," D(L),M(L)",180,73,6,1,534,0,0,2,1,0.6,86.4,0,1,6.84,1.7,1,1.3,0.1,0.9,0.3,0.1,0,0.6,0.9,1.7,1,0,1,1,39,86.4,0.9,2.4,0
LaLiga,Real Madrid,be,Thibaut Courtois,27, GK,199,96,12,0,1080,0,0,0,0,0,75.3,0,0.2,6.82,0,0,0,0,0.7,0.1,0,0,0,0,0,0.2,0,0,0,24.9,75.3,0,2.8,0
LaLiga,Real Madrid,br,Vinícius Júnior,19, AM(L),176,73,5,4,488,1,1,2,0,1.9,77.9,0,0.1,6.77,0.2,0.1,0.7,0,0,0.7,0,0,1.9,0.9,2.2,1,0,0.3,1.3,19.1,77.9,0.2,0.1,0
LaLiga,Real Madrid,br,Eder Militão,21, D(CR),186,79,3,2,306,0,0,2,0,0.2,90.6,0,2.6,6.76,1.4,1.4,1.2,1.2,1.8,0.2,0.4,0,0.2,0,0,1,0.2,0.6,0.2,40.4,90.6,0,0.8,0
LaLiga,Real Madrid,es,Lucas Vázquez,28, M(R),173,70,4,3,358,1,0,1,0,1.1,80.1,0,0,6.75,1,0.7,1.9,0,0.3,0.9,0,0,1.1,1.1,1.1,0.7,0.1,1.1,2.9,25.1,80.1,0.7,1.4,0.1
LaLiga,Real Madrid,es,Isco,27," AM(CLR),FW",176,79,3,5,302,0,0,0,0,1.1,87.9,0,0.5,6.57,0.5,0,0.4,0,0.1,0.3,0,0,1.1,1,1.3,1.1,0.1,0.8,1,28.9,87.9,0.3,0.8,0
LaLiga,Real Madrid,es,Álvaro Odriozola,24, D(R),176,66,4,0,344,0,1,1,1,0.5,91.1,0,0,6.49,1.3,0.5,1.8,0.3,1.5,0.8,0,0,0.5,1.3,1.5,1,0,0.5,1.8,30.8,91.1,0.3,1.3,0
LaLiga,Real Madrid,rs,Luka Jovic,21, FW,182,85,3,6,291,1,0,0,0,1.2,82.1,0,1.1,6.37,0.1,0.2,0.1,0,0,0,0,0,1.2,0.2,0.4,0,0.2,0.2,0.6,10.6,82.1,0,0.4,0
LaLiga,Real Madrid,fr,Alphonse Areola,26, GK,195,94,3,0,270,0,0,1,0,0,79.2,0,0,6.28,0,0,0.3,0,0.3,0,0,0,0,0,0,0,0,0.3,0,25.7,79.2,0,5,0
LaLiga,Real Madrid,es,Brahim Díaz,20, AM(L),171,68,0,3,23,0,0,0,0,0,77.8,0,0,6.03,0,0,0,0,0,0,0,0,0,0,0,1.3,0,0,0.7,3,77.8,0,0.3,0
LaLiga,Sevilla,ar,Lucas Ocampos,25," M(CLR),FW",187,84,13,0,1121,5,1,5,1,2.3,76.5,3,1,7.21,2.3,0.5,1.6,0,0.8,1.5,0,0,2.3,0.9,2.4,1.5,0.2,2.5,3.2,27.2,76.5,0.7,0.6,0
LaLiga,Sevilla,ar,Éver Banega,31, M(C),174,71,15,0,1250,1,5,4,0,1.5,85.9,2,0.7,7.19,1.1,0.3,0.8,0,0.2,1.5,0,0,1.5,1.9,1.9,1.9,0,1.3,1.3,68.7,85.9,1.1,7.6,0.2
LaLiga,Sevilla,es,Sergio Reguilón,22, D(L),178,68,14,0,1189,1,1,4,0,0.8,79.6,1,1.4,7.06,1.6,1.3,1.8,0.3,1.4,1,0.1,0,0.8,1.6,1.6,1.3,0.2,1.1,1.6,48.7,79.6,1.1,3.1,0
LaLiga,Sevilla,es,Sergio Escudero,30," D(L),M(L)",176,65,2,1,189,0,0,1,0,0.7,77.7,0,3.3,6.95,3.7,1,0.7,0,4,1.3,0,0,0.7,0,0,0.3,0,0,1,37.3,77.7,0,1,0
LaLiga,Sevilla,es,Joan Jordán,25, M(C),184,74,12,4,1060,2,1,4,0,0.9,87.2,2,1.1,6.95,1.6,0.4,2.1,0,0.4,1.9,0.1,0,0.9,1.2,1.2,0.9,0,0.8,0.8,48.5,87.2,1,5.6,0
LaLiga,Sevilla,br,Fernando,32, DMC,183,76,14,0,1260,0,1,7,0,0.3,87.6,0,2.9,6.94,1.9,1.9,1.3,0.2,2.5,0.9,0.4,0,0.3,0.3,0.4,0.9,0.1,0.3,0.8,51.7,87.6,0,3.6,0.1
LaLiga,Sevilla,es,Jesús Navas,34," D(R),M(R)",172,60,16,0,1439,0,3,1,0,0.3,79.8,1,0.5,6.93,1,0.8,0.5,0.1,1.9,0.3,0.1,0,0.3,1.6,1.4,0.9,0,0.6,0.8,53.6,79.8,1.5,3.4,0.1
LaLiga,Sevilla,nl,Luuk de Jong,29," AM(C),FW",188,86,11,2,952,2,0,2,0,2.5,67.5,0,5.5,6.88,0.7,0.2,1.2,0.1,1.2,0.3,0,0,2.5,0.6,0.2,0.9,0.6,0.5,2,18.5,67.5,0.1,0.2,0
LaLiga,Sevilla,es,Nolito,33, AM(L),175,65,10,1,733,2,0,0,0,2.1,77.1,0,0.7,6.79,1.6,0.1,1.7,0,0.1,0.8,0,0,2.1,0.7,0.8,0.7,0.8,0.5,1.6,23,77.1,0,0.9,0
LaLiga,Sevilla,br,Diego Carlos,26, D(C),185,79,16,0,1425,1,0,3,0,0.6,83,1,2.4,6.79,1.3,0.6,1.4,0.7,5.1,0.3,0.6,0,0.6,0.2,0.3,0.3,0,0.1,0.2,48.6,83,0.1,4.4,0
LaLiga,Sevilla,cz,Tomás Vaclik,30, GK,188,85,16,0,1440,0,0,0,0,0,65.6,0,0.3,6.70,0,0,0,0,0.8,0,0,0,0,0,0,0.1,0,0,0.1,24.3,65.6,0,5.9,0
LaLiga,Sevilla,fr,Jules Koundé,21, D(C),178,70,9,2,824,0,0,2,0,0.5,85.1,0,2.9,6.68,0.7,0.8,0.6,0.5,2.6,0.3,0.2,0,0.5,0.1,0.5,0.3,0,0.2,0.6,41.5,85.1,0,3,0
LaLiga,Sevilla,es,Óliver Torres,25, M(CLR),178,70,10,4,786,1,1,3,0,0.6,81.9,0,0.3,6.66,1.9,0.4,1.2,0,0.3,1.4,0,0,0.6,0.8,0.9,0.5,0,1.1,1.1,30.8,81.9,0.3,3.1,0.1
LaLiga,Sevilla,ar,Franco Vázquez,30," AM(CR),FW",187,82,3,10,407,3,0,2,0,0.8,89.4,0,0.8,6.57,0.8,0,0.8,0.1,0.3,0.5,0,0,0.8,0.2,0.7,1.2,0.3,0.5,0.8,16,89.4,0,0.5,0
LaLiga,Sevilla,es,Munir El Haddadi,24," AM(LR),FW",175,69,3,3,316,1,0,1,0,1.8,77.8,0,0.8,6.54,0.5,0.3,0.8,0,0.3,0.5,0,0,1.8,0.3,0.3,1.3,0.7,0.7,1.8,16.5,77.8,0.2,0,0
LaLiga,Sevilla,il,Munas Dabbur,27, FW,182,76,0,1,12,0,0,0,0,1,66.7,0,0,6.48,1,0,0,0,0,0,0,0,1,0,0,0,0,1,1,6,66.7,0,0,1
LaLiga,Sevilla,pt,Daniel Carriço,31," D(C),DMC",180,79,7,1,623,0,0,2,0,0.8,91.1,0,1.1,6.47,0.8,0.9,0.6,0.3,1.9,0.4,0.3,0,0.8,0.1,0.4,0.1,0,0.1,0.4,48,91.1,0,3.4,0
LaLiga,Sevilla,mx,Chicharito,31, FW,175,73,4,4,415,1,0,0,0,1.5,70.8,1,1.4,6.40,0.8,0.6,0.8,0,0.1,0.5,0,0,1.5,0.4,0,1.5,1.3,0.3,1.8,9,70.8,0,0.1,0.1
LaLiga,Sevilla,es,Sergi Gómez,27, D(CR),185,80,0,1,7,0,0,0,0,0,66.7,0,1,6.38,0,1,0,0,2,0,1,0,0,0,0,0,0,0,0,3,66.7,0,0,0
LaLiga,Sevilla,es,Bryan Gil,18, Forward,175,60,0,2,63,0,0,2,0,0,91.7,0,0,6.29,0.5,0,0.5,0,0,0.5,0,0,0,0,2,0,0,1,0,12,91.7,0,0,0
LaLiga,Sevilla,rs,Nemanja Gudelj,28, M(C),187,81,1,8,290,0,0,3,0,0.1,87.9,0,0.8,6.25,0.4,0.4,0.9,0.2,1.7,0.2,0.3,0,0.1,0,0.2,0.2,0,0.2,0.2,15.7,87.9,0,0.8,0
LaLiga,Sevilla,pt,Rony Lopes,23, AM(CLR),174,68,0,1,11,0,0,0,0,1,100,0,0,6.11,0,1,0,0,0,0,0,0,1,0,0,0,0,0,0,6,100,0,0,0
LaLiga,Sevilla,es,Alejandro Pozo,20, D(R),174,70,0,3,34,0,0,0,0,0,76.9,0,0,5.95,0.3,0,0,0,0.3,0,0,0,0,0,0,0,0,1,1.3,4.3,76.9,0,0,0
LaLiga,Getafe,es,Jason,25, M(R),178,65,11,0,877,1,4,5,0,1.5,61.3,1,1.3,7.12,1.6,1.3,1.5,0,0.5,1.2,0.3,0,1.5,1.6,1.5,1.8,0.1,1.3,2.8,20.9,61.3,1.3,0.5,0
LaLiga,Getafe,uy,Mathías Olivera,22," D(L),M(L)",184,78,3,2,328,0,1,1,0,0.2,54.5,2,2.4,7.04,2.6,1,1,0,2.4,0.8,0,0,0.2,0.2,1.2,0.4,0.2,0.6,1.2,17.6,54.5,0.4,0.8,0
LaLiga,Getafe,es,Marc Cucurella,21," D(L),M(L)",172,66,17,0,1512,1,3,4,0,0.8,66.4,1,1.5,6.95,2.4,0.6,2.2,0.1,0.7,1.1,0.3,0,0.8,1.1,0.8,1.5,0.1,0.7,1.8,30.8,66.4,0.4,1.4,0
LaLiga,Getafe,uy,Damián Suárez,31, D(R),172,61,13,0,1122,0,3,6,0,0.5,66.7,0,1.5,6.84,2,0.8,1.7,0.5,1.4,0.8,0.2,0,0.5,1.2,0.7,2.2,0,0.2,1.2,32.8,66.7,0.9,2.3,0.1
LaLiga,Getafe,uy,Mauro Arambarri,24, DMC,175,74,15,0,1350,1,1,5,0,1.2,70.4,0,2.2,6.84,2,1.3,2.1,0.1,1,1,0.2,0,1.2,0.1,1.1,2,0,0.9,1.3,26.3,70.4,0.1,2.9,0
LaLiga,Getafe,es,Jaime Mata,31, FW,185,79,14,1,1173,5,2,5,0,1.2,64,1,3.2,6.84,0.7,0.1,3.1,0,0.3,0.3,0,0,1.2,1,0.1,1.7,0.9,1.1,3.3,18.9,64,0.3,0.3,0
LaLiga,Getafe,es,Raúl García,30, D(CL),180,74,3,1,247,0,0,0,0,0,65.4,0,1,6.83,1.3,1,0.8,0.3,1.5,0.8,0.3,0,0,1,1,1,0,0.8,0.5,19.5,65.4,2.5,1.5,0
LaLiga,Getafe,rs,Nemanja Maksimovic,24, DMC,189,78,14,1,1215,1,0,1,0,0.7,68,1,2.7,6.80,1.3,1.7,0.5,0,1.1,0.9,0.1,0,0.7,0.2,0.3,0.3,0.1,0.1,0.7,19.8,68,0.1,0.9,0
LaLiga,Getafe,es,Ángel Rodríguez,32, FW,172,68,5,11,754,8,1,2,0,1.8,62.1,1,0.8,6.74,0.4,0.1,1.8,0,0.5,0.7,0.1,0,1.8,0.5,0.8,1.2,1,0.9,1.9,10.1,62.1,0,0.4,0.1
LaLiga,Getafe,es,Xabier Etxeita,32, D(C),186,78,3,1,315,0,0,2,0,0.3,54.1,0,2.5,6.73,1.3,1.3,1,1.3,4,0.8,0.3,0,0.3,0.3,0,0.3,0,0,0,18.5,54.1,0,3.3,0
LaLiga,Getafe,br,Kenedy,23," D(L),M(L)",182,77,2,8,346,1,2,1,0,1,69.5,1,0.5,6.71,0.4,0.7,0.8,0,0.2,0.2,0,0,1,0.5,1.4,0.6,0.1,1,0.9,9.5,69.5,0.4,0.1,0
LaLiga,Getafe,uy,Leandro Cabrera,28, D(CL),190,80,15,0,1262,1,0,3,0,0.3,51.5,0,3.1,6.68,0.6,1.1,0.9,1.5,3.5,0.1,0.3,0,0.3,0.1,0.1,0.5,0.1,0.2,0.3,31.1,51.5,0.1,6.1,0.1
LaLiga,Getafe,es,David Timor,30," D(C),M(C)",185,80,3,5,308,2,0,2,0,1,61.7,0,1.8,6.63,0.5,0.5,0.9,0.1,0.9,0.1,0,0,1,0.1,0,0.8,0,0,0.4,16,61.7,0,2,0
LaLiga,Getafe,es,Jorge Molina,37, FW,188,72,12,3,889,3,1,3,1,1.1,65.2,0,2.6,6.62,0.1,0.2,1.1,0.1,0.5,0.5,0,0,1.1,0.8,0.5,1.3,0.4,1,1.6,16.3,65.2,0.2,0.3,0
LaLiga,Getafe,tg,Djené Dakonam,27, D(C),187,72,15,0,1350,0,0,2,0,0.2,68.4,0,2.3,6.57,1.1,0.6,1.5,1.3,3.3,0.2,0.2,0,0.2,0.2,0.3,0.9,0.1,0.2,0.6,30.6,68.4,0,3.5,0
LaLiga,Getafe,es,David Soria,26, GK,192,85,17,0,1530,0,0,1,0,0,39.3,1,0.2,6.53,0,0,0.1,0,1,0.1,0,0,0,0,0,0,0,0,0,28.3,39.3,0,9.1,0
LaLiga,Getafe,cm,Allan-Roméo Nyom,31," D(LR),M(R)",188,78,14,2,1129,1,0,5,0,0.4,61.8,0,1,6.52,1.6,0.5,1.5,0.3,1.6,0.5,0.3,0,0.4,0.4,0.3,0.6,0.1,0.3,0.6,17.8,61.8,0.5,1.2,0
LaLiga,Getafe,ma,Faycal Fajr,31, M(CLR),178,72,4,0,314,0,0,2,0,1.8,70.5,0,2,6.47,0.3,0.3,0.8,0,0,0.5,0,0,1.8,1.5,0,0.8,0,0.5,1,28,70.5,1.3,5,0
LaLiga,Getafe,es,Francisco Portillo,29, M(CLR),169,60,2,9,280,0,1,1,0,0.3,73.3,0,0.2,6.42,0.7,0.1,0.7,0,0.3,0.6,0,0,0.3,0.6,0.8,0.3,0,0.5,0.8,10.9,73.3,0.1,0.3,0.2
LaLiga,Getafe,es,Enric Gallego,33, FW,190,79,2,3,162,0,0,0,0,0.6,49,0,2.4,6.29,0.6,0.4,0.8,0,0.2,0.4,0,0,0.6,0,0.2,0.4,0,0.6,1.4,9.8,49,0,0.2,0
LaLiga,Getafe,pt,Vitorino Antunes,32, D(L),176,70,0,1,5,0,0,0,0,0,0,0,0,6.08,0,0,0,0,0,0,0,0,0,0,0,0,0,0,0,0,0,0,0,0
LaLiga,Getafe,es,Markel Bergara,33, M(C),180,74,0,2,70,0,0,2,0,0.5,56.3,0,0.5,6.02,0,0,1.5,0,1,0,0,0,0.5,0,0,0,0,0,0.5,8,56.3,0,0,0
LaLiga,Getafe,es,Hugo Duro,20, Forward,177,70,1,1,71,0,0,1,0,1,69.2,0,0.5,6.00,0.5,0,2.5,0,0.5,0.5,0,0,1,0,0,1,0,0,3,6.5,69.2,0,0,0
LaLiga,Getafe,es,Bruno González,29, D(C),185,83,2,0,180,0,0,1,0,0,84.6,0,1.5,5.85,1.5,0,3,1.5,1.5,0,0,0,0,0,0,1,0.5,0,0,32.5,84.6,0,2,0
LaLiga,Atletico Madrid,me,Stefan Savic,28, D(C),187,81,6,0,540,0,0,1,0,0.3,84.5,2,3.2,7.27,1.8,1,1,0.7,5.5,0.2,1,0,0.3,0.2,0.2,0.7,0,0,0.2,45.2,84.5,0,3.8,0
LaLiga,Atletico Madrid,es,Saúl Ñíguez,25," D(CL),M(CLR)",184,76,16,0,1440,2,0,5,0,1.3,79.3,2,3.9,7.19,2.1,1.3,2.1,0.1,2,1.1,0.3,0,1.3,0.4,0.8,0.8,0.3,0.8,1.1,46.9,79.3,0.1,2.4,0.1
LaLiga,Atletico Madrid,gb,Kieran Trippier,29," D(R),M(R)",178,71,13,1,1136,0,2,1,0,0.2,75.2,0,1.6,7.15,2.3,1.1,0.9,0.1,1.6,0.8,0.2,0,0.2,1.8,0.7,0.5,0.1,0.4,1.1,38.3,75.2,1.6,1.4,0.1
LaLiga,Atletico Madrid,co,Santiago Arias,27, D(R),178,72,4,1,395,0,1,0,0,0.4,82,0,0.8,7.09,2.6,1,0.6,0,0.8,0.2,0.4,0,0.4,1.2,0.2,1.6,0,0.4,0,35.6,82,0.4,0.6,0
LaLiga,Atletico Madrid,es,Álvaro Morata,27," AM(L),FW",190,84,11,3,977,6,1,2,1,2.9,68.3,1,4.3,7.03,0.8,0.3,2.4,0,0.6,0.4,0.1,0,2.9,1.1,0.7,2.4,1.5,1.5,2.3,15.6,68.3,0.1,0.1,0.1
LaLiga,Atletico Madrid,uy,José Giménez,24, D(CR),185,80,9,0,810,0,0,0,0,0.7,86.5,0,2.7,7.00,1.6,1.4,0.6,0.1,3.2,0.2,0.2,0,0.7,0,0.3,0.9,0.1,0.1,0.6,45.1,86.5,0,3.4,0
LaLiga,Atletico Madrid,br,Felipe,30, D(C),190,83,11,1,991,0,0,4,0,0.8,77,0,3.2,6.92,1.1,1.4,1.4,0.3,4.4,0.3,0.6,0,0.8,0.3,0.2,0.8,0.1,0.1,0.4,36.9,77,0,2,0
LaLiga,Atletico Madrid,gh,Thomas Partey,26," D(R),M(CR)",185,77,12,3,1047,1,0,6,0,0.5,84.2,0,1.1,6.92,1.8,1.1,1.4,0,1.1,0.7,0.1,0,0.5,0.7,1.6,0.8,0,0.5,0.7,46.5,84.2,0.1,2.7,0
LaLiga,Atletico Madrid,es,Koke,27, M(CLR),176,77,16,1,1435,1,1,2,0,0.8,84.1,0,0.8,6.87,1.9,1.1,0.4,0.1,0.5,1.9,0.3,0,0.8,2,0.2,1,0.1,0.9,1.8,51.7,84.1,0.8,1.2,0.1
LaLiga,Atletico Madrid,mx,Héctor Herrera,29, M(C),185,80,6,4,552,0,1,0,0,0.8,89.5,0,1.1,6.78,2.1,1.1,0.7,0,0.4,0.9,0.3,0,0.8,0.5,0.8,0.6,0.1,1.1,0.6,35.2,89.5,0,0.9,0.1
LaLiga,Atletico Madrid,ar,Ángel Correa,24," AM(LR),FW",171,70,7,5,699,1,4,5,0,1.4,78.5,1,0.4,6.76,1.1,0.2,0.9,0,0.8,0.8,0.3,0,1.4,1.1,1.3,0.9,0.4,1.5,1.9,15.5,78.5,0.3,0.3,0.2
LaLiga,Atletico Madrid,es,Vitolo,30," M(CLR),FW",185,80,5,7,543,2,1,2,0,1,82.3,0,0.5,6.75,0.7,0.7,0.9,0,0.2,0.6,0,0,1,0.5,1.8,1,0.2,0.7,1.8,18.8,82.3,0.1,0.5,0.2
LaLiga,Atletico Madrid,br,Renan Lodi,21, D(L),173,68,12,2,1030,1,1,1,1,0.8,82.5,1,1.1,6.74,1.9,1,1.2,0.1,1.5,0.5,0.2,0,0.8,0.6,0.5,1.4,0.2,0.6,1.1,26.1,82.5,0.6,1.1,0.1
LaLiga,Atletico Madrid,es,Mario Hermoso,24, D(C),184,75,10,2,870,0,0,2,0,0.2,79.3,0,1.3,6.63,0.8,0.9,1.1,0.1,3.8,0.5,0.3,0,0.2,0.1,0.5,0.6,0.2,0.1,0.3,35.5,79.3,0,3.9,0
LaLiga,Atletico Madrid,pt,João Félix,20," AM(L),FW",181,70,12,1,914,2,1,2,0,2.7,77.9,0,1,6.62,0.2,0.5,1.4,0,0.2,0.5,0,0,2.7,0.5,0.7,1.9,0.3,0.8,1.9,17.4,77.9,0.2,0.1,0
LaLiga,Atletico Madrid,es,Diego Costa,31, FW,188,83,8,3,757,2,2,2,0,1.3,67.2,1,2.8,6.57,0.3,0.1,1.2,0.1,0.3,0.5,0.1,0,1.3,0.8,0.6,1,1,1,2,15.8,67.2,0,0.5,0
LaLiga,Atletico Madrid,si,Jan Oblak,26, GK,188,87,17,0,1506,0,0,0,0,0,53,0,0.1,6.54,0,0,0,0,0.1,0,0,0,0,0,0.1,0.2,0,0,0.1,21.8,53,0,6.9,0
LaLiga,Atletico Madrid,,Manuel Sánchez,19, Defender,179,70,1,0,63,0,0,1,0,0,84.6,0,0,6.46,0,0,2,0,1,0,0,0,0,2,1,0,1,0,0,13,84.6,1,0,0
LaLiga,Atletico Madrid,fr,Thomas Lemar,24, AM(CLR),171,63,8,6,711,0,0,1,0,0.5,83.3,0,0.4,6.44,0.6,0.3,0.4,0,0.1,0.4,0.1,0,0.5,0.4,1.2,0.5,0,0.9,1.6,20.1,83.3,0.6,0.5,0
LaLiga,Atletico Madrid,es,Darío Poveda,22, Forward,185,75,0,1,7,0,0,0,0,1,60,0,3,6.38,1,0,0,0,0,0,0,0,1,1,0,0,0,0,1,5,60,0,0,0
LaLiga,Atletico Madrid,es,Marcos Llorente,24, DMC,184,74,3,8,312,0,0,4,0,0.2,81.7,0,0.5,6.17,0.6,0.4,0.5,0,0.2,0.2,0.3,0,0.2,0,0.2,0.3,0,0.1,0.1,13.9,81.7,0,0.5,0
LaLiga,Atletico Madrid,es,Antonio Adán,32, GK,190,93,0,1,24,0,0,0,0,0,60,0,0,6.11,0,0,0,0,0,0,0,0,0,0,0,0,0,0,0,5,60,0,1,0
LaLiga,Atletico Madrid,es,Rodrigo Riquelme,19, Midfielder,174,0,0,1,12,0,0,0,0,1,50,0,0,6.02,0,0,0,0,0,0,0,0,1,0,0,1,0,1,1,2,50,0,0,0
LaLiga,Real Sociedad,no,Martin Ødegaard,20, AM(CR),178,68,15,0,1350,3,4,3,0,1.9,84.7,3,0.3,7.47,1.1,0.5,1.3,0.1,0.1,1.1,0,0,1.9,2.9,2.7,1.4,0,1.2,1.9,56.8,84.7,1.3,1.9,0.3
LaLiga,Real Sociedad,es,Mikel Merino,23, M(C),188,83,16,1,1455,2,1,3,0,1.2,77.5,1,5.1,7.34,2.1,1.5,2.2,0.1,1.3,1.4,0.2,0,1.2,1,1,2.5,0,1.8,1.6,53.2,77.5,0.2,2.5,0
LaLiga,Real Sociedad,es,Mikel Oyarzabal,22," AM(CLR),FW",181,78,17,0,1465,6,4,2,0,2.1,72.8,3,1.4,7.29,1.3,0.6,1.5,0,0.7,0.8,0.1,0,2.1,1.4,2.5,1.5,0.4,1.7,3.1,27.9,72.8,0.4,1.5,0.1
LaLiga,Real Sociedad,es,Miguel Ángel Moyá,35, GK,188,83,7,0,630,0,0,0,0,0,76,0,0.3,6.89,0,0.1,0,0,1,0,0,0,0,0,0.1,0,0,0,0,34.6,76,0,8.9,0
LaLiga,Real Sociedad,,Andoni Gorosabel,23, D(R),174,73,3,0,238,0,0,0,0,0,72.7,0,1.7,6.86,2.3,1,1,0.3,1.3,1,0.3,0,0,0.7,0.7,1.7,0,1.3,1.7,42.7,72.7,1,1.7,0
LaLiga,Real Sociedad,es,Joseba Zaldua,27, D(R),176,70,14,1,1253,0,1,5,0,0.3,76.5,0,1.9,6.74,1.5,1.1,0.8,0.5,2.2,0.6,0.2,1,0.3,0.5,0.6,2.1,0.1,0.3,0.5,39.2,76.5,0.9,1.1,0
LaLiga,Real Sociedad,es,Portu,27," AM(CR),FW",178,70,12,4,1175,4,4,3,0,1.1,73.4,2,0.6,6.73,0.6,0.1,1.2,0,0.1,0.6,0.1,0,1.1,1.2,0.3,0.9,0.7,0.6,1.9,16,73.4,0.9,0.1,0
LaLiga,Real Sociedad,es,Diego Llorente,26," D(C),DMC",186,75,14,0,1179,0,1,1,1,0.3,87.1,0,2.8,6.70,1.1,1.1,0.7,0.9,3.8,0.3,0.3,0,0.3,0.2,0.3,0.7,0.1,0.1,0.7,59.4,87.1,0,3.1,0
LaLiga,Real Sociedad,es,Ander Guevara,22, DMC,180,73,5,1,412,0,0,1,0,0.3,85.3,1,1.2,6.68,2,0.7,2,0,0.7,1.2,0.2,0,0.3,0.8,0.8,0.2,0,0.5,0.3,53.2,85.3,0,2.2,0
LaLiga,Real Sociedad,fr,Robin Le Normand,23, D(C),187,80,8,3,783,1,0,5,0,0.5,90.4,0,1.9,6.68,1.2,0.5,1.4,0.8,2.9,0.4,0.4,0,0.5,0,0,0.6,0,0,0.1,53.8,90.4,0,3.4,0
LaLiga,Real Sociedad,es,Igor Zubeldia,22," D(C),DMC",180,79,14,1,1292,0,0,3,0,0.5,88.6,0,2.1,6.67,1,0.7,1.6,0.3,2.9,0.7,0.7,0,0.5,0.1,0.8,0.9,0,0.5,0.7,58.3,88.6,0,3.1,0
LaLiga,Real Sociedad,es,Nacho Monreal,33," D(CL),M(L)",179,72,14,0,1260,1,0,1,0,0.8,84.1,0,1.5,6.67,1.2,1.6,1.5,0.1,2.1,0.6,0.1,0,0.8,0.4,0.2,0.4,0.1,0.2,1,39,84.1,0.6,0.9,0
LaLiga,Real Sociedad,es,Aritz Elustondo,25, D(CR),180,71,7,1,555,0,0,0,0,0.1,80.2,0,2.6,6.66,2.1,0.8,0.3,0.3,2.9,1,0.5,0,0.1,0.1,0,0.3,0,0,0.4,37.3,80.2,0,2.4,0
LaLiga,Real Sociedad,es,Asier Illarramendi,29, M(C),179,75,3,0,217,0,0,0,0,0.3,91.7,0,1.3,6.62,0.7,1.7,0.7,0,2,1.3,0.3,0,0.3,0.3,0,1,0,0,0.7,60,91.7,0,3.3,0
LaLiga,Real Sociedad,br,Willian José,28, FW,189,93,14,3,1072,7,0,2,0,1.9,75.6,0,1.1,6.62,0.2,0,0.9,0.1,0.4,0.2,0.1,0,1.9,0.4,0.1,0.5,0.4,0.8,1.1,14.7,75.6,0,0.5,0.1
LaLiga,Real Sociedad,es,Álex Remiro,24, GK,191,79,10,0,900,0,0,0,0,0.1,77.5,0,0.2,6.57,0,0,0,0,1.3,0.1,0,0,0.1,0,0,0.2,0,0,0,35.1,77.5,0,7.4,0
LaLiga,Real Sociedad,be,Adnan Januzaj,24, AM(CLR),186,76,5,5,428,0,3,0,0,1.1,72.5,0,0.4,6.53,0.4,0.2,0.5,0,0.1,0.6,0,0,1.1,0.8,1,1.4,0.1,0.7,1.6,15.3,72.5,0.4,1.4,0.2
LaLiga,Real Sociedad,es,Luca Sangalli,24, AM(C),167,74,2,4,187,0,0,0,0,1,78.8,0,0.7,6.36,0,0,0,0,0,0.5,0,0,1,0.7,0.7,0.7,0,0.3,0.3,18.8,78.8,0.3,0.5,0.2
LaLiga,Real Sociedad,se,Alexander Isak,20, FW,190,70,3,14,549,3,0,2,0,0.9,76.8,0,0.5,6.28,0.1,0.2,0.5,0.1,0.2,0.1,0,0,0.9,0.1,0.3,0.2,0.5,1.2,1.2,5.6,76.8,0.1,0,0.1
LaLiga,Real Sociedad,es,Aihen Muñoz,22, D(L),175,72,3,0,265,0,0,0,0,0,83.9,0,1,6.26,2,0,0,0,0.7,0.3,0,0,0,0,0,0.7,0,0,1,49.7,83.9,0.3,0,0
LaLiga,Real Sociedad,pt,Kévin Rodrigues,25, D(L),170,70,0,1,5,0,0,0,0,1,66.7,0,1,6.23,1,0,0,0,0,0,0,0,1,0,0,0,0,0,1,6,66.7,0,0,0
LaLiga,Real Sociedad,es,David Zurutuza,33, M(CL),186,79,1,3,92,0,0,0,0,0,73.6,0,0.8,6.20,0.8,0.8,0.3,0,0.8,0.3,0,0,0,0,0,0,0,0.8,0,13.3,73.6,0,0.5,0
LaLiga,Real Sociedad,,Ander Barrenetxea,17, Forward,178,0,0,7,42,0,0,0,0,0,68.2,0,0,6.04,0.3,0.1,0.6,0,0.1,0.3,0,0,0,0.3,0.4,0.1,0,0.3,0.1,3.1,68.2,0.1,0,0
LaLiga,Athletic Bilbao,es,Raúl García,33," M(CLR),FW",184,83,16,0,1384,5,1,6,0,2.4,56,2,6.5,7.18,1.4,0.6,2.8,0.2,1.4,1.4,0.1,0,2.4,0.8,0.3,1.6,0.6,0.4,1.9,28.8,56,0.2,0.9,0
LaLiga,Athletic Bilbao,es,Yuri,29," D(L),M(L)",181,79,15,0,1350,2,0,1,0,1.1,82.6,1,1.8,7.13,1.6,0.9,1.1,0.4,2,0.3,0.1,0,1.1,0.5,1.5,1.9,0,0.9,1.7,38.3,82.6,0.5,2.6,0.1
LaLiga,Athletic Bilbao,es,Yeray Álvarez,24, D(C),182,78,15,0,1350,0,0,2,0,0.4,79.6,0,3.4,7.06,0.9,2,0.7,0.7,3.9,0.4,0.5,0,0.4,0.1,0.3,1,0,0.3,0.5,46.4,79.6,0.1,3.7,0
LaLiga,Athletic Bilbao,es,Iker Muniain,26, AM(CLR),170,65,12,1,1097,4,0,0,0,1.1,85.6,1,0.5,7.05,0.7,0.6,0.5,0,0.3,0.6,0,0,1.1,1.5,1.8,2,0.2,1.5,1.3,31.1,85.6,0.2,1.2,0
LaLiga,Athletic Bilbao,es,Íñigo Martínez,28, D(C),182,76,15,0,1350,0,0,2,0,1.1,79.1,0,3.6,6.98,1.1,1.5,0.8,0.7,3.8,0.3,0.4,1,1.1,0.3,0.2,1.3,0.1,0.1,0.4,45.4,79.1,0.3,6.9,0
LaLiga,Athletic Bilbao,es,Ander Capa,27," D(R),M(R)",175,75,17,0,1504,1,4,5,0,0.6,74.6,2,1.4,6.94,2.1,0.9,1.4,0.1,1.9,1.1,0.2,0,0.6,0.7,1.2,0.6,0.2,0.9,1.4,36.1,74.6,0.4,1.3,0
LaLiga,Athletic Bilbao,es,Iñaki Williams,25," AM(CLR),FW",186,78,17,0,1467,4,0,2,0,1.2,74.4,1,1.6,6.84,0.3,0.2,0.7,0,1,0.4,0,0,1.2,1,1.5,1,0.6,1.6,2.5,17.2,74.4,0.5,0.3,0
LaLiga,Athletic Bilbao,es,Dani García,29, DMC,180,81,17,0,1530,0,0,4,0,0.4,82.3,1,2.1,6.79,2.2,1.4,1.5,0,1.8,1.6,0.2,0,0.4,0.4,0.2,1.2,0,0.4,0.3,41.2,82.3,0,4.5,0
LaLiga,Athletic Bilbao,es,Unai Núñez,22, D(C),186,80,4,1,405,0,0,2,0,0.4,78.6,0,3,6.76,0.6,1,1.2,0.6,4.6,0.2,0.8,0,0.4,0.2,0.4,0,0,0.2,0,49.6,78.6,0,6.8,0
LaLiga,Athletic Bilbao,es,Unai López,24, M(CR),170,68,13,0,926,0,3,3,0,1.1,84.6,0,0.9,6.75,1,0.7,1.5,0,0.6,1.4,0,0,1.1,1.3,0.5,0.8,0.1,1,0.8,41.1,84.6,1.3,3.2,0
LaLiga,Athletic Bilbao,es,Unai Simón,22, GK,190,88,16,0,1440,0,0,2,0,0,59,1,0.4,6.72,0,0,0.1,0,0.5,0,0,0,0,0,0,0.1,0,0,0,27.4,59,0,10.4,0
LaLiga,Athletic Bilbao,ba,Kenan Kodro,26, FW,190,80,1,2,136,1,0,0,0,0.3,60.9,0,2,6.51,0,0,1,0,0.3,0,0,0,0.3,0,0.3,1,0,0.3,0,7.7,60.9,0,0.3,0
LaLiga,Athletic Bilbao,es,Ibai Gómez,30, AM(LR),177,72,3,6,401,0,0,0,0,1.1,73.2,0,0,6.46,0.3,0.3,0.1,0,0.2,0.3,0,0,1.1,1.1,0.4,0.2,0.1,0.8,1,14.1,73.2,1.6,0.3,0
LaLiga,Athletic Bilbao,,Oihan Sancet,19, Midfielder,188,73,3,2,263,0,1,1,0,1,80.3,0,1,6.46,0.8,0,1,0,0,0.2,0,0,1,0.8,1,0.8,0,1.8,2,13.2,80.3,0,0.4,0
LaLiga,Athletic Bilbao,es,Beñat Etxebarria,32, M(C),176,75,2,6,314,0,0,0,0,0.5,84.8,0,0.5,6.40,0.5,0.4,0.3,0,0.4,1.1,0.1,0,0.5,1.3,0,0.3,0,0.4,0.4,19.8,84.8,1.4,1.5,0
LaLiga,Athletic Bilbao,es,Mikel San José,30," D(C),DMC",188,78,2,6,266,0,0,2,0,0.5,70.8,0,1.4,6.37,0.8,0.8,0.5,0,1.1,0.6,0,0,0.5,0.1,0,0.1,0.1,0.4,0.4,13.3,70.8,0,0.5,0
LaLiga,Athletic Bilbao,es,Iago Herrerín,31, GK,187,88,1,0,90,0,0,0,0,0,57.1,0,0,6.36,0,0,0,0,0,0,0,0,0,0,0,0,0,0,0,28,57.1,0,10,0
LaLiga,Athletic Bilbao,es,Iñigo Córdoba,22, AM(L),180,76,11,1,699,0,1,3,0,1.1,75.6,0,0.7,6.36,1.2,0.5,1.4,0,0.1,1.4,0.2,0,1.1,0.5,0.5,0.9,0.3,0.8,1.8,16.8,75.6,0.2,0.3,0
LaLiga,Athletic Bilbao,es,Mikel Balenziaga,31, D(L),177,76,2,0,180,0,0,1,0,0,88.9,0,0,6.30,1.5,0,0.5,0,1.5,0,0,0,0,0.5,0.5,0,0,1,0.5,31.5,88.9,0,1.5,0
LaLiga,Athletic Bilbao,es,Mikel Vesga,26, DMC,191,83,1,1,105,0,0,0,0,0.5,79.5,0,2,6.28,0,1,2,0,1.5,1.5,0.5,0,0.5,0,0,0,0,0.5,1.5,19.5,79.5,0,0.5,0
LaLiga,Athletic Bilbao,es,Íñigo Lekue,26," D(LR),M(LR)",180,70,0,4,52,0,1,0,0,0,77.3,0,0,6.21,0.5,0,0.8,0,0.3,0,0,0,0,0.3,0.5,0.3,0,0.8,0.3,5.5,77.3,0.3,0.3,0
LaLiga,Athletic Bilbao,es,Asier Villalibre,22, Forward,184,86,0,2,29,0,0,0,0,0,71.4,0,2,6.19,0,0,0.5,0,0,0,0,0,0,0,0,0.5,0.5,0,1,3.5,71.4,0,0,0
LaLiga,Athletic Bilbao,es,Gaizka Larrazabal,21, Midfielder,180,81,1,7,171,0,0,0,0,0.4,61.9,0,0.5,6.16,0.3,0,0.6,0,0,0,0,0,0.4,0.1,0.3,0.4,0.1,0.4,0.8,5.3,61.9,0.4,0.1,0
LaLiga,Athletic Bilbao,es,Aritz Aduriz,38, FW,181,77,0,10,138,1,0,2,0,0.2,65.8,0,1.3,6.16,0.3,0,0.6,0,0.2,0,0,0,0.2,0,0,0.1,0,0.2,0.6,3.8,65.8,0,0.1,0
LaLiga,Athletic Bilbao,es,Óscar De Marcos,30," D(LR),M(CR)",182,77,3,1,191,0,0,0,0,0,64.8,0,1,6.12,0,0,0.3,0,0,0.8,0,0,0,0,0,0.8,0.5,0.3,0.5,13.5,64.8,0.5,0,0
LaLiga,Valencia,es,Daniel Parejo,30, M(C),182,74,15,0,1350,6,2,3,0,1.4,86.1,4,0.3,7.30,1.7,0.8,0.8,0,0.5,2.4,0.2,0,1.4,1.9,1.3,2.9,0.1,1.2,0.9,64.1,86.1,1.9,7.5,0.1
LaLiga,Valencia,es,Jaume Doménech,29, GK,185,73,2,1,243,0,0,0,0,0,61.1,0,0.3,7.11,0,0,0,0,1,0,0,0,0,0,0,0,0,0,0,24,61.1,0,6,0
LaLiga,Valencia,es,Rodrigo Moreno,28," M(CLR),FW",182,77,13,1,999,2,6,2,1,1.6,78.8,0,1.1,7.00,0.6,0.1,0.7,0,0.4,0.9,0.1,0,1.6,1.4,0.9,1.5,0.2,1.1,1.8,23.9,78.8,0.4,1.2,0.2
LaLiga,Valencia,uy,Maxi Gómez,23, FW,186,91,10,5,958,6,1,2,0,1.1,64.1,2,2.6,6.89,0.3,0.2,1.1,0,0.5,0.2,0,0,1.1,0.5,0.3,2,1,0.5,1.7,10.2,64.1,0,0.7,0.1
LaLiga,Valencia,es,Jaume Costa,31," D(LR),M(L)",171,62,9,2,801,0,0,1,0,0.2,82.9,0,1.2,6.83,1.7,1.3,0.9,0.2,2,0.5,0.4,0,0.2,0.5,0.8,1.3,0,0.3,0.6,34.5,82.9,0.2,1.1,0
LaLiga,Valencia,es,Ferrán Torres,19, M(R),184,77,11,4,932,3,2,2,0,1.1,80.7,1,1.1,6.77,0.8,0.5,0.9,0,0.1,0.7,0.1,0,1.1,0.4,1.4,1.2,0.3,0.8,1.3,16.9,80.7,0.2,0.3,0
LaLiga,Valencia,nl,Jasper Cillessen,30, GK,185,83,14,0,1197,0,1,1,0,0,56.7,1,0.3,6.76,0,0.1,0,0,0.6,0.1,0,0,0,0.1,0,0.1,0,0,0.1,23.3,56.7,0,4.6,0
LaLiga,Valencia,pt,Gonçalo Guedes,23," AM(LR),FW",179,68,5,1,444,0,0,0,0,1.5,79.1,1,0.2,6.67,0.5,0.5,1.3,0,0,1.3,0,0,1.5,1,2.2,3.3,0.3,1.5,2.2,24.7,79.1,0.3,0.8,0.2
LaLiga,Valencia,br,Gabriel Paulista,29, D(CR),185,72,13,1,1186,0,0,2,0,0.3,89.7,0,2,6.64,0.9,1.9,0.5,0.6,4.4,0.4,1.1,0,0.3,0,0.1,0.9,0,0.1,0.3,49.4,89.7,0,3.4,0
LaLiga,Valencia,dk,Daniel Wass,30," D(LR),M(CLR)",181,74,14,1,1267,1,2,3,0,0.7,81.3,0,1.5,6.60,0.9,0.9,0.7,0.1,2.2,1.1,0.2,0,0.7,0.6,0.3,1,0,0.5,0.7,39.5,81.3,0.1,0.9,0
LaLiga,Valencia,fr,Geoffrey Kondogbia,26, DMC,188,80,8,1,663,0,0,3,0,0.6,83.5,0,1.9,6.58,1.9,2,1.8,0,1,0.8,0.6,0,0.6,0.1,0.6,1.3,0.1,0.8,1.6,39.8,83.5,0,2.7,0
LaLiga,Valencia,fr,Kevin Gameiro,32, FW,172,70,7,4,638,4,1,0,0,1.1,78.1,1,0.1,6.58,0.6,0.2,0.5,0,0.2,0.8,0,0,1.1,0.5,0.8,0.4,0.3,0.7,1.6,14.1,78.1,0,0.3,0
LaLiga,Valencia,fr,Francis Coquelin,28, M(CLR),176,74,11,1,925,0,0,1,1,0.5,90.7,0,0.9,6.57,1.3,1.8,1,0,1,0.8,0.3,0,0.5,0.2,0.9,1,0.1,1.5,1.2,41.3,90.7,0,3.3,0
LaLiga,Valencia,fr,Mouctar Diakhaby,22, D(C),189,78,4,3,415,0,0,1,0,0,87.9,0,2,6.51,0.3,0.3,1,0.4,3,0,0.3,0,0,0.1,0.1,0.9,0,0.1,0.3,33,87.9,0.1,1.3,0
LaLiga,Valencia,ar,Ezequiel Garay,33, D(C),189,90,13,0,1126,0,0,2,0,0.5,88.9,0,1.6,6.50,0.6,0.6,0.6,0.2,4.1,0.2,0.9,0,0.5,0.2,0,0,0,0,0.1,54.1,88.9,0,2.8,0
LaLiga,Valencia,es,José Gayá,24, D(L),172,66,9,1,778,0,0,2,0,0.3,80.4,0,0.7,6.49,2.1,0.8,0.7,0,1.7,0.5,0.3,0,0.3,0.5,0.7,1,0,0.7,0.8,28.1,80.4,0.4,1,0
LaLiga,Valencia,es,Rubén Sobrino,27," AM(R),FW",185,73,0,5,56,1,0,0,0,0.8,58.3,0,0.4,6.43,0.6,0,0.6,0,0,0.2,0,0,0.8,0.4,0.2,0.6,0,0.8,1,2.4,58.3,0.2,0.2,0
LaLiga,Valencia,,Thierry Correia,20, D(R),176,69,2,0,180,0,0,0,0,0,72.3,0,1.5,6.42,3,1,1.5,0.5,3,0,0,0,0,0.5,0,2.5,0,1,1,32.5,72.3,0,1.5,0.5
LaLiga,Valencia,it,Cristiano Piccini,27, D(R),183,77,1,1,75,0,0,0,0,0.5,73.9,0,0,6.38,2.5,1,0.5,0,0,0,0,0,0.5,0,0.5,0.5,0,0.5,1,23,73.9,0.5,1,0
LaLiga,Valencia,es,Carlos Soler,22, M(CLR),180,76,5,2,453,0,0,1,0,0.9,81.5,0,0.1,6.37,0.9,0.1,0.6,0,0.3,1.1,0.1,0,0.9,0.6,1.1,0.9,0.1,0.3,1.1,20.9,81.5,0.1,0.9,0
LaLiga,Valencia,es,Manu Vallejo,22, Forward,167,72,2,4,264,0,0,0,0,0.7,73.5,0,0.3,6.30,1,0.3,0.8,0,0,0.5,0,0,0.7,0.7,0.7,0.5,0.2,1.3,1.7,8.2,73.5,0.2,0.5,0
LaLiga,Valencia,ru,Denis Cheryshev,28," AM(L),FW",179,74,5,3,425,1,1,5,0,1.1,69,0,0.9,6.29,0.6,0.3,1.6,0,0.3,0.6,0,0,1.1,0.1,0.5,0.6,0,0.3,0.9,15.8,69,0,0.4,0
LaLiga,Valencia,kr,Lee Kang-In,18, Midfielder,173,68,2,6,222,1,0,1,1,0.6,89.9,0,0,6.21,0.3,0.3,0.8,0,0,0.1,0,0,0.6,0.4,0.8,0.5,0,0.6,1.3,9.9,89.9,0.3,0.1,0.1
LaLiga,Valencia,fr,Eliaquim Mangala,28, D(C),188,84,2,0,180,0,0,0,0,0.5,88.4,0,1.5,6.15,0,0.5,1,0.5,6,0,0.5,0,0.5,0,0,0,0,0,0,34.5,88.4,0,0.5,0
LaLiga,Valencia,es,Vicente Esquerdo,20, Midfielder,182,75,0,1,7,0,0,0,0,0,75,0,1,6.13,1,0,0,0,1,0,0,0,0,0,0,0,0,1,1,4,75,0,0,0
LaLiga,Granada,es,Víctor Díaz,31, D(R),184,71,16,0,1440,0,5,1,0,0.6,69.3,1,1.5,6.99,2.2,1.3,0.6,0.2,2.6,0.9,0.6,0,0.6,1.1,0.3,0.4,0.1,0.1,0.6,32.8,69.3,0.9,2.9,0
LaLiga,Granada,ve,Yangel Herrera,21, DMC,184,78,12,1,1038,2,0,6,0,1.3,79.3,1,2.2,6.95,2.8,0.8,2.9,0,0.9,1.5,0.6,0,1.3,0.5,0.4,1.5,0.2,1,1.2,31.5,79.3,0,1.8,0.1
LaLiga,Granada,es,Ángel Montoro,31, DMC,181,72,10,1,838,0,4,4,0,0.9,79.7,2,0.2,6.83,1.4,1.1,1.8,0.3,1.1,0.8,0.1,0,0.9,1.5,0.5,1.4,0,0.5,0.8,41.2,79.7,1.1,4.2,0
LaLiga,Granada,es,Antonio Puertas,27, AM(R),183,77,15,1,1327,4,0,3,0,1.5,75.5,0,1.9,6.83,1.2,0.4,1.3,0.1,0.5,0.8,0.1,0,1.5,0.4,1.6,1.6,0.1,1.6,2.1,22.2,75.5,0.3,0.3,0
LaLiga,Granada,,Germán Sánchez,33, D(C),187,82,12,1,1072,2,0,6,0,0.5,79.6,1,3,6.77,0.5,1.2,1,0.5,3.8,0.1,0.7,0,0.5,0,0.1,1,0,0,0,33.5,79.6,0,2.9,0
LaLiga,Granada,ve,Darwin Machís,26, AM(L),170,68,8,9,896,2,1,2,0,1.8,76.7,1,0.8,6.75,0.6,0.8,1.1,0,0.1,0.3,0,0,1.8,0.8,1.5,0.9,0.3,0.6,1.4,12.4,76.7,0.4,0.5,0
LaLiga,Granada,es,Álvaro Vadillo,25, AM(LR),180,69,10,5,890,3,1,0,0,0.9,73.4,0,0.3,6.71,0.8,0.4,0.5,0,0.1,0.4,0,0,0.9,1.1,1.2,1,0.3,0.9,1.1,18.8,73.4,1.6,0.1,0
LaLiga,Granada,pt,Rui Silva,25, GK,191,91,17,0,1530,0,0,1,0,0,52.7,0,0.1,6.69,0.1,0,0,0,0.9,0,0,0,0,0.1,0,0.1,0,0,0,32.5,52.7,0,8.2,0
LaLiga,Granada,fr,Maxime Gonalons,30," D(C),M(C)",187,76,9,2,831,0,0,4,0,0.2,84.3,0,1.3,6.66,3,0.7,1.5,0.2,1,1.7,0.2,0,0.2,0.1,0.5,1.3,0,0.5,0.6,29.5,84.3,0,2.2,0
LaLiga,Granada,es,Carlos Fernández,23, FW,185,72,6,9,778,3,1,4,0,0.9,64.1,1,2.5,6.66,0.7,0.3,1.7,0.1,0.7,0.9,0.1,0,0.9,0.5,0.6,0.9,0.1,0.5,1.2,14.9,64.1,0,0.3,0
LaLiga,Granada,es,Quini,30, D(LR),178,74,8,2,717,0,0,2,0,1,75.2,0,0.8,6.63,2.5,1,0.8,0.4,1.1,0.9,0.1,0,1,0.7,0.6,0.6,0,0.5,0.6,21,75.2,0.2,1.4,0
LaLiga,Granada,pt,Domingos Duarte,24, D(C),192,80,17,0,1486,2,0,3,0,0.4,82.3,1,1.5,6.59,0.5,0.9,0.9,0.5,3.9,0.1,0.8,0,0.4,0,0.1,0.4,0.1,0,0.2,34.8,82.3,0,2.2,0
LaLiga,Granada,es,Roberto Soldado,34, FW,180,74,14,1,1069,2,2,7,0,0.5,74.1,0,1.3,6.55,0.5,0.2,1.3,0,0.5,0.3,0.1,0,0.5,0.9,0.4,1.7,0.6,0.8,1.1,15.5,74.1,0,0.2,0
LaLiga,Granada,es,Fede Vico,25, Midfielder,176,70,4,1,265,1,0,0,0,1.2,82.6,0,0.2,6.39,0,0.2,0.4,0,0.2,1,0,0,1.2,1,0.8,0.8,0,1.2,1.2,18.4,82.6,0.8,0.8,0
LaLiga,Granada,es,Carlos Neva,23, D(L),174,64,9,1,855,0,0,1,0,0.3,70.1,0,0.3,6.35,0.8,0.6,0.2,0.2,1.2,0.5,0,0,0.3,0.6,0.1,0.9,0,0.1,0.4,25.1,70.1,0.5,1.1,0
LaLiga,Granada,es,José Antonio Martínez,26, D(C),189,79,6,4,582,0,0,0,0,0,76.8,0,1.4,6.31,0.8,0.4,0.3,0.3,1.7,0.5,0.3,0,0,0,0,0.3,0,0.1,0.2,22.8,76.8,0,2.3,0
LaLiga,Granada,ng,Ramón Azeez,27, M(C),169,67,7,5,627,2,0,2,0,1.3,85.8,0,0.4,6.28,0.4,0.7,1.3,0,0.3,0.5,0,0,1.3,0.2,0.2,0.8,0.1,0.5,0.6,12.9,85.8,0,0.3,0
LaLiga,Granada,cm,Yan Eteki,22, Midfielder,180,70,4,4,363,0,0,1,0,0.4,81.7,0,0.8,6.22,0.8,0.4,2.5,0,0.4,0.5,0.1,0,0.4,0.3,0.9,0.8,0,0.5,0.8,13,81.7,0,0.8,0
LaLiga,Granada,co,Adrián Ramos,33, FW,186,78,2,4,188,0,0,0,0,0.8,69.5,0,1.5,6.20,0.8,0.2,0.8,0,0.2,0.2,0,0,0.8,0.2,0,0.7,0.3,0.3,1,9.8,69.5,0,0.2,0
LaLiga,Granada,tr,Ismail Köybasi,30, D(LR),178,75,1,0,46,0,0,0,0,0,40,0,1,6.01,1,1,1,0,0,0,0,0,0,0,1,0,0,2,2,15,40,0,2,0
LaLiga,Granada,es,Álex Martínez,29, D(L),176,67,1,0,1,0,0,1,0,0,0,0,0,6.00,0,0,0,0,0,0,0,0,0,0,0,0,0,0,0,0,0,0,0,0
LaLiga,Osasuna,ar,Chimy Avila,25," AM(LR),FW",172,81,14,2,1265,6,2,6,0,3.1,56.9,4,3.3,7.12,1,0.2,2.3,0,0.1,0.7,0,0,3.1,1.2,0.8,2.1,1.2,1.5,2.3,15.4,56.9,0.3,0.8,0
LaLiga,Osasuna,ec,Pervis Estupiñán,21, D(L),175,73,17,0,1530,1,2,3,0,0.5,76.6,3,1.4,7.09,2.4,1.9,1,0.2,1.7,1.1,0.1,0,0.5,1.2,1.9,0.9,0.1,0.8,1.9,38.9,76.6,1.2,1.4,0
LaLiga,Osasuna,es,Roberto Torres,30, AM(CLR),178,72,16,1,1402,4,3,1,0,2.8,72.5,2,0.8,6.94,0.9,0.8,0.5,0.1,1.3,0.9,0.1,0,2.8,1.4,0.6,1.2,0,0.8,1.3,29.1,72.5,1.2,1.9,0
LaLiga,Osasuna,es,Rubén García,26, AM(CLR),171,72,14,1,1177,5,1,3,0,1.8,75.4,1,0.5,6.93,2.1,0.4,1.5,0,0.7,0.8,0.2,0,1.8,1.6,0.9,0.8,0.1,1.3,2.8,31.5,75.4,1.3,1.8,0
LaLiga,Osasuna,es,Sergio Herrera,26, Goalkeeper,192,82,2,1,251,0,0,1,0,0,48,0,0.3,6.89,0,0,0,0,0.3,0,0,0,0,0,0,1,0,0,0,25,48,0,7.7,0
LaLiga,Osasuna,es,Nacho Vidal,24, D(R),180,75,12,0,1018,0,0,3,0,0.4,72,0,1.8,6.87,1.3,1.4,1.1,0.4,1.9,0.7,0.4,0,0.4,0.6,1.1,1.3,0,0.2,1.1,37.3,72,0.3,3,0.2
LaLiga,Osasuna,es,David García,25, D(C),185,72,13,0,1170,0,0,2,0,0.6,75.3,1,4.8,6.86,0.8,1.1,1.5,0.8,3.9,0.5,0.6,0,0.6,0.2,0,0.5,0,0.1,0.4,39.2,75.3,0,4.8,0.1
LaLiga,Osasuna,es,Aridane Hernández,30, D(C),186,77,12,0,1080,0,0,2,0,0.1,82.1,0,3.4,6.86,0.7,1.3,0.3,1.2,4.6,0.1,0.8,0,0.1,0.2,0.2,0.3,0,0.2,0.7,36.3,82.1,0,3.5,0
LaLiga,Osasuna,es,Oier Sanjurjo,33," D(CR),M(C)",178,72,13,0,1089,1,0,5,1,0.7,72.8,0,3.2,6.75,2.2,0.9,1.8,0.1,1.7,1.5,0.3,0,0.7,0.5,0.2,1.6,0.1,0.5,0.7,33.4,72.8,0.1,1.8,0
LaLiga,Osasuna,es,Juan Pérez,23, Goalkeeper,187,83,2,0,180,0,0,0,0,0,40.7,0,0,6.67,0.5,0,0,0,0,0.5,0,0,0,0,0,0,0,0,0,27,40.7,0,6.5,0
LaLiga,Osasuna,rs,Darko Brasanac,27, M(CR),178,73,10,2,885,0,1,2,0,0.9,76.6,0,1.4,6.61,2,0.7,1.6,0,0.9,0.8,0.2,0,0.9,0.9,0.2,0.8,0.1,0.6,1.3,26.7,76.6,0.1,0.6,0
LaLiga,Osasuna,ar,Facundo Roncaglia,32, D(CLR),179,76,8,0,682,1,0,1,1,0.3,79.4,0,2.9,6.57,1.8,1.1,1.4,0.9,2,0.6,0.4,0,0.3,0.3,1,0.8,0,0.3,0.5,41.9,79.4,0,4.1,0
LaLiga,Osasuna,es,Unai García,27, D(C),186,81,0,1,18,0,0,0,0,0,100,0,1,6.54,0,0,0,2,5,0,0,0,0,0,1,0,0,0,0,2,100,0,2,0
LaLiga,Osasuna,es,Jon Moncayola,21, DMC,189,86,6,6,630,1,0,4,0,0.3,74.8,0,0.8,6.47,1.8,0.4,1.2,0.2,0.8,0.6,0.2,0,0.3,0.5,0.3,0.2,0,0.3,0.8,23.2,74.8,0.1,2.1,0
LaLiga,Osasuna,es,Fran Mérida,29, AM(C),177,74,9,4,804,0,0,4,1,0.7,77.4,0,0.3,6.42,1.3,1.5,0.8,0,0.5,0.8,0.2,0,0.7,0.5,1.1,0.9,0,0.8,0.9,37.8,77.4,0.1,4.4,0.1
LaLiga,Osasuna,es,Robert Ibáñez,26, AM(R),175,67,3,6,327,1,0,1,0,0.4,76.3,0,0.1,6.42,1,0.4,0.6,0,0.3,0.9,0,0,0.4,0.3,1,1.3,0.1,1.1,1.6,10.8,76.3,0,0,0
LaLiga,Osasuna,es,Raúl Navas,31, D(C),186,84,4,1,395,0,0,1,0,0,83.9,0,0.8,6.38,0.8,1.6,0.6,1.4,3.2,0.8,0.2,0,0,0.2,0,0.6,0,0.4,0.2,34.8,83.9,0,3,0
LaLiga,Osasuna,es,Rubén Martínez,35, GK,188,79,13,0,1099,0,0,0,0,0,47.1,0,0.2,6.36,0.1,0,0,0,0.6,0,0,0,0,0,0.1,0.1,0,0,0,24,47.1,0,7,0
LaLiga,Osasuna,es,Adrián López,31," M(CLR),FW",183,73,5,5,479,0,0,0,0,0.5,75.3,0,1.1,6.35,0.2,0,0.3,0,0.2,0.8,0.1,0,0.5,1.2,0.7,0.1,0.2,0.8,1.1,17.8,75.3,0.1,0.3,0
LaLiga,Osasuna,es,Lillo,30, D(CLR),176,71,2,2,194,0,0,2,0,0.3,80.6,0,0.8,6.35,1,0.5,0.8,0.3,1.8,0,0.3,0,0.3,0.3,0.8,0.5,0.3,0.8,0.3,23.3,80.6,0.3,2.5,0
LaLiga,Osasuna,es,Juan Villar,31, Forward,182,72,2,5,214,1,0,0,0,0.7,63.6,0,0.9,6.25,0.1,0.1,1,0,0,0.3,0.1,0,0.7,0.3,0.1,0.3,0.7,0.4,0.9,9.4,63.6,0,0,0
LaLiga,Osasuna,es,Marc Cardona,24, FW,183,70,5,4,414,1,1,1,0,0.8,77.7,0,0.6,6.23,0,0.1,0.6,0,0.2,0.6,0,0,0.8,0.7,0.4,0.6,0.4,0.6,1.6,10.4,77.7,0,0.3,0
LaLiga,Osasuna,es,Iñigo Pérez,31, M(C),178,74,0,4,37,0,0,0,0,0.8,68.5,0,0.3,6.20,0.8,0.3,0,0,0,0.3,0,0,0.8,0,0.3,0,0,0.3,0.8,13.5,68.5,0,1,0
LaLiga,Osasuna,es,Brandon,24, FW,173,71,5,3,408,0,1,4,0,1,68.5,0,0.6,6.16,0.6,0,0.8,0,0.1,0.6,0,0,1,0.5,0.5,0.8,0,1.6,1.9,13.9,68.5,0.4,0.1,0
LaLiga,Osasuna,es,Luis Perea,22, Midfielder,192,80,0,2,19,0,0,0,0,0,87.5,0,0.5,6.07,0,0,0,0,0.5,0,0,0,0,0,0,0.5,0,0,0,4,87.5,0,0,0
LaLiga,Levante,es,José Campaña,26, M(C),179,70,16,0,1407,2,4,0,1,1.4,81.4,1,1.1,7.07,1.1,1.1,1,0,1.1,0.9,0.1,0,1.4,2.8,1.5,1.3,0.1,0.9,1.9,51.7,81.4,1.3,2.6,0.1
LaLiga,Levante,es,Aitor Fernández,28, GK,182,78,17,0,1530,0,0,2,0,0,59.9,0,0.4,6.92,0.1,0.1,0,0,1.1,0,0,0,0,0.1,0,0.1,0,0,0,25.6,59.9,0,6.4,0
LaLiga,Levante,es,Rubén Rochina,28, M(CLR),182,76,8,5,777,2,0,2,0,2.5,72.8,2,0.9,6.86,1.5,0.6,1.2,0,0.3,1.4,0,0,2.5,0.8,1.7,1.8,0.1,1.3,1.5,28.3,72.8,0.5,3.4,0.2
LaLiga,Levante,rs,Nemanja Radoja,26, DMC,186,77,12,1,1099,1,0,2,0,0.1,84.8,0,2.2,6.83,2.2,1.2,0.6,0,1.1,1.3,0.1,0,0.1,0.4,1.2,1.1,0.2,0.8,0.7,38.5,84.8,0.2,1.9,0
LaLiga,Levante,pt,Rúben Vezo,25, D(CR),182,80,14,0,1260,0,0,4,0,0.5,80.8,0,3.2,6.75,1.3,1.6,1.1,1.1,5.7,0.6,0.9,0,0.5,0.1,0.1,1.1,0,0.1,0.2,41.3,80.8,0,3.7,0
LaLiga,Levante,es,Toño,30," D(L),M(L)",179,69,5,0,450,0,0,0,0,0.2,80.5,0,1.6,6.72,1.4,0.4,0.6,0,1.8,0.8,0.2,0,0.2,1.4,1,1.6,0,1,1,38,80.5,1,1.8,0
LaLiga,Levante,es,Sergio Postigo,31, D(C),184,78,11,0,942,1,0,3,0,0.3,82.8,1,1.2,6.63,0.8,1.3,0.6,0.6,3.9,0.4,0.5,0,0.3,0.5,0.5,0.5,0.1,0.1,0.1,36.9,82.8,0,3.4,0.1
LaLiga,Levante,uy,Erick Cabaco,24, D(C),185,84,5,2,454,0,0,2,0,0,78,0,1.1,6.63,0.7,0.9,0.7,1,4.9,0,0.7,0,0,0.1,0.3,0.4,0,0,0.1,27.3,78,0,3.7,0
LaLiga,Levante,es,Carlos Clerc,27," D(L),M(L)",182,72,12,0,1080,0,1,4,0,0.2,69.8,0,1.6,6.61,1.3,1.2,1.1,0.5,2.2,0.5,0.3,0,0.2,0.3,1.1,1.1,0.1,0.3,1.6,33.4,69.8,0.3,1.6,0
LaLiga,Levante,mk,Enis Bardhi,24, AM(CL),172,67,8,4,770,2,1,3,0,1.8,75.9,1,0.3,6.59,1.2,0.5,1.7,0,0.3,0.8,0.2,0,1.8,1,0.7,1.4,0.3,0.8,1.7,24.5,75.9,0.5,0.8,0
LaLiga,Levante,es,Borja Mayoral,22, FW,182,74,10,4,911,3,0,0,0,1.4,76.4,0,0.7,6.57,0.4,0.1,0.4,0,0.4,0.2,0,0,1.4,0.6,1,0.9,0.4,1.1,1.1,16.9,76.4,0.1,1.2,0
LaLiga,Levante,es,Jorge Miramón,30," D(R),M(R)",175,74,14,2,1255,0,3,2,0,0.4,75.8,0,0.8,6.54,1.6,1,0.4,0.1,1.6,0.4,0.3,0,0.4,0.8,0.4,0.9,0,0.4,0.8,30,75.8,0.6,1.6,0
LaLiga,Levante,es,Gonzalo Melero,25, AM(C),183,77,7,3,566,1,1,2,0,0.9,82.6,0,1.2,6.51,0.9,0.2,1.2,0,0.7,1.2,0.3,0,0.9,0.5,0.3,1.3,0.1,0.7,1.1,23.6,82.6,0.1,1.1,0.1
LaLiga,Levante,es,José Luis Morales,32," D(R),M(CLR),FW",180,70,16,1,1395,1,1,1,0,1.4,70.1,1,0.1,6.50,0.7,0.2,0.5,0,0.1,0.7,0,0,1.4,1.1,1.4,0.4,0.5,1.5,2.3,18.7,70.1,0.5,0.5,0.1
LaLiga,Levante,es,Roger Martí,28, FW,179,74,9,7,815,6,0,2,0,1.6,64.3,2,0.9,6.48,0.4,0.1,0.9,0,0.4,0.4,0,1,1.6,0.4,0.2,0.9,0.3,0.5,1.4,9.6,64.3,0,0.4,0
LaLiga,Levante,pt,Hernâni,28, AM(LR),180,70,4,3,342,2,0,0,1,1.4,68.5,0,0.4,6.39,0.4,0.3,0.3,0,0.1,0.3,0,0,1.4,0.9,0.6,1.1,0.4,0.4,0.7,7.7,68.5,0.4,0.4,0
LaLiga,Levante,me,Nikola Vukcevic,28, DMC,184,76,7,6,567,0,1,4,0,0.2,84.6,0,0.7,6.32,1.1,0.3,0.8,0.1,0.2,0.8,0.4,0,0.2,0.2,0.3,0.9,0,0.2,0.2,16.5,84.6,0,0.8,0.1
LaLiga,Levante,cr,Óscar Duarte,30," D(C),DMC",186,81,3,2,302,0,0,0,0,0.6,86.6,0,1.2,6.29,1.6,0.4,1.6,0,3.8,0,0.8,0,0.6,0,0,0.4,0,0,0.2,26.8,86.6,0,2.6,0
LaLiga,Levante,es,Coke,32," D(CLR),M(R)",182,78,4,3,368,0,0,2,0,0.4,76.6,0,0.4,6.17,0.7,0.7,1,0,0.7,1.1,0,0,0.4,0.1,0.9,0.9,0,0.1,0.9,25,76.6,0,2.3,0
LaLiga,Levante,es,Sergio León,30, FW,178,73,4,6,411,1,0,2,0,1.4,61.1,0,0.6,6.13,0.1,0,0.6,0,0.2,0.1,0,0,1.4,0,0.1,0.4,0.9,0.5,1.1,5.4,61.1,0.1,0.1,0
LaLiga,Levante,,Pablo Martínez,21, Midfielder,182,74,0,1,8,0,0,0,0,0,100,0,0,6.02,0,0,0,0,0,0,0,0,0,0,0,1,0,1,0,6,100,0,0,0
LaLiga,Levante,,Gonzalo Pereira,22, Defender,180,75,0,1,13,0,0,0,0,0,100,0,0,6.00,1,0,0,0,0,0,0,0,0,0,0,0,0,0,0,6,100,0,0,0
LaLiga,Levante,,Eliseo Falcón,22, Defender,0,0,1,0,74,0,0,0,1,0,87,0,1,4.71,0,0,2,0,2,0,0,0,0,0,2,0,0,0,0,23,87,0,1,0
LaLiga,Real Betis,fr,Nabil Fekir,26," AM(CR),FW",173,72,12,1,1090,4,0,4,0,3.1,81,5,0.9,7.46,1.4,0.2,2.3,0,0.1,0.8,0.2,0,3.1,1.2,3.5,4.1,0.3,1.8,2.1,26.3,81,0.5,0.8,0
LaLiga,Real Betis,es,Joaquín,38," M(CLR),FW",179,75,11,4,919,6,2,3,0,1.2,85.2,2,0.3,7.02,0.5,0.3,0.4,0,0.5,0.3,0.1,0,1.2,2,1.3,0.7,0.2,0.9,0.9,27.9,85.2,0.9,0.9,0
LaLiga,Real Betis,br,Emerson,20," D(R),M(R)",181,79,13,0,1170,2,4,4,0,1.1,74.8,0,1.9,6.94,2.8,0.7,1.2,0.2,2,1.6,0.2,0,1.1,0.9,0.4,2.6,0,1,1.5,36.9,74.8,0.5,1.7,0.1
LaLiga,Real Betis,es,Loren Morón,25, FW,188,66,12,3,1101,8,2,2,1,2,65.7,0,1.3,6.87,0.7,0.4,1.1,0,0.7,0.6,0.2,0,2,0.6,0.5,1.7,0.9,1.1,2.7,9.5,65.7,0,0.3,0
LaLiga,Real Betis,br,Sidnei,30, D(C),185,80,7,0,592,0,0,0,0,0.3,89.9,0,3,6.81,1.4,1.4,0.4,0.7,4.3,0.4,1.1,0,0.3,0,0.1,0.4,0,0.1,0.3,55.4,89.9,0,5,0
LaLiga,Real Betis,es,Álex Moreno,26," D(L),M(L)",179,68,9,3,815,0,2,1,0,0.9,77.4,0,0.8,6.80,1.1,0.4,0.8,0.2,1.4,0.8,0.4,0,0.9,0.9,1.9,1.4,0.2,1.2,1.1,24.8,77.4,0.8,0.5,0
LaLiga,Real Betis,es,Marc Bartra,28, D(CR),184,70,12,1,1073,0,1,1,0,0.6,86,0,2.5,6.78,2.2,1.2,0.8,1.1,4.4,0.8,0.8,0,0.6,0.1,0.5,1.2,0,0.4,0.8,44.4,86,0,2.5,0
LaLiga,Real Betis,dz,Aissa Mandi,28, D(CLR),184,78,12,0,1080,0,0,5,0,0.5,89.8,0,2.6,6.77,1.3,1.8,0.9,1.1,3.7,0.3,0.8,0,0.5,0.3,0,0.6,0.2,0.3,0.3,56.2,89.8,0,4.2,0
LaLiga,Real Betis,es,Joel Robles,29, GK,195,78,15,0,1268,0,0,2,1,0,68.2,2,0.3,6.73,0,0,0.1,0,0.6,0,0,0,0,0,0,0.1,0,0,0.1,29.1,68.2,0,5.5,0
LaLiga,Real Betis,es,Sergio Canales,28, AM(CLR),176,65,15,0,1304,1,1,2,0,1.3,87.6,0,0.1,6.68,0.8,0.4,0.8,0.1,0.5,0.5,0.1,0,1.3,1.7,1.1,0.9,0,1.2,1.2,54.7,87.6,1.1,3.5,0.1
LaLiga,Real Betis,es,Edgar González,22, Defender,193,78,2,0,149,0,0,1,0,0.5,88.7,0,2.5,6.68,0.5,1.5,1,0,1.5,1.5,0.5,0,0.5,0,0.5,0.5,0,0,0,35.5,88.7,0,0,0
LaLiga,Real Betis,es,Antonio Barragán,32," D(R),M(R)",182,76,3,2,284,0,1,1,0,0,87.3,0,0.8,6.59,0.2,1.2,0.6,0.2,2.6,0,0.2,0,0,0.8,0.2,1,0,0.2,0.6,30,87.3,0.4,0.6,0
LaLiga,Real Betis,ma,Zouhair Feddal,29, D(C),192,83,7,0,591,0,0,5,0,0.3,84.6,0,2.1,6.56,1.3,1,1,0.7,5.7,0.3,0.3,0,0.3,0.1,0.3,0.6,0,0,0.3,53.9,84.6,0,4.9,0
LaLiga,Real Betis,es,Alfonso Pedraza,23," D(L),M(L)",184,73,9,2,783,0,0,1,0,0.7,75,0,0.4,6.53,1.8,0.8,0.9,0.5,1.4,0.7,0.5,0,0.7,0.5,1,1.1,0.1,0.5,1.3,29.5,75,0.5,1.5,0
LaLiga,Real Betis,es,Borja Iglesias,26, FW,187,86,8,7,764,1,2,1,0,1,73.8,0,1.1,6.41,0.3,0.1,0.9,0,0.5,0.1,0,0,1,0.7,0.5,0.6,0.3,0.9,1.6,9.7,73.8,0.1,0.1,0.1
LaLiga,Real Betis,mx,Andrés Guardado,33," D(L),M(CL)",169,60,11,2,989,0,1,5,0,0.5,82.3,0,0.5,6.40,1.1,0.8,1.2,0.1,1.1,1,0.2,0,0.5,1.1,0.5,1,0,0.5,1.5,36.5,82.3,0.2,2.9,0
LaLiga,Real Betis,pt,William Carvalho,27, DMC,187,79,6,0,475,0,0,3,1,0.7,86.8,0,1.5,6.31,0.7,0.5,1,0,0.7,0.5,0.7,0,0.7,0.8,1.7,0.7,0,0.7,0.5,51.8,86.8,0,2.7,0
LaLiga,Real Betis,es,Javi García,32," D(C),DMC",187,82,4,3,360,0,0,2,0,0.4,83.3,0,2.9,6.30,0.3,0.6,0.4,0,2,0.1,0,1,0.4,0,0.1,0.7,0,0.4,0.6,26.6,83.3,0,1,0
LaLiga,Real Betis,mx,Diego Lainez,19, Midfielder,168,58,1,6,136,0,0,0,0,0.4,73.5,0,0.1,6.15,0.4,0,0.6,0,0.1,0.1,0,0,0.4,0,0.6,1,0,0.7,0.6,4.9,73.5,0,0,0
LaLiga,Real Betis,,Ismael Gutiérrez,19, Midfielder,176,74,1,2,84,0,0,1,0,0,80.6,0,0,6.12,0.7,0.7,0.3,0,0.3,0.3,0.3,0,0,0,0,0.3,0,0.7,0.7,10.3,80.6,0,0.3,0
LaLiga,Real Betis,cm,Wilfrid Kaptoum,23, DMC,174,72,1,3,102,0,0,1,0,0.5,76.1,0,0,6.11,1.3,0.3,0.3,0,0.5,0,0.3,0,0.5,0.3,0.3,0.5,0,1.3,0.8,11.5,76.1,0,0.3,0
LaLiga,Real Betis,es,Cristian Tello,28, M(LR),178,65,3,5,313,0,0,0,0,1,79.2,0,0,6.07,0.3,0,0.4,0,0,0.1,0,0,1,0.4,0.5,0.3,0,0,1,16.3,79.2,0.1,0.5,0
LaLiga,Real Betis,es,Juanmi,26," AM(CLR),FW",172,69,1,1,75,0,0,0,0,1.5,80,0,0.5,6.02,0,0,0,0,0,0.5,0,0,1.5,0,0,0,0,0,2.5,2.5,80,0,0,0
LaLiga,Real Betis,,Dani Martín,21, Goalkeeper,187,76,1,1,170,0,0,0,0,0,64.6,0,0.5,5.92,0,0,0,0,0.5,0,0,0,0,0,0,0,0,0,0,24,64.6,0,5,0
LaLiga,Real Betis,es,Raul García,19, Forward,192,70,0,2,13,0,0,0,0,0,60,0,0.5,5.89,0,0,0,0,0,0.5,0,0,0,0,0,0,0,0,0.5,2.5,60,0,0,0
LaLiga,Villarreal,es,Gerard Moreno,27," AM(CR),FW",180,77,15,1,1330,8,2,1,0,3.1,75.3,3,1.6,7.42,0.7,0.4,1.3,0.1,1.7,1.2,0.1,0,3.1,1.9,1.8,1.4,0.4,1.5,2.4,29.8,75.3,0.3,2.3,0.3
LaLiga,Villarreal,es,Santi Cazorla,35, M(CLR),168,65,13,1,1106,5,4,1,0,2.1,86.1,1,0.4,7.38,1.9,0.4,0.9,0,0.2,1.5,0.1,0,2.1,2.7,1.6,1.1,0.1,1.3,1.8,45.8,86.1,1.6,4.1,0.1
LaLiga,Villarreal,cm,André-Frank Zambo Anguissa,24, DMC,184,78,14,1,1224,1,0,4,0,1,86.1,3,2.8,7.29,2.7,1.5,1.3,0,1.1,1.3,0.2,0,1,0.6,2.8,1.1,0,1.5,2.5,46.9,86.1,0,2.4,0
LaLiga,Villarreal,es,Vicente Iborra,31, M(C),190,80,15,0,1229,0,1,5,0,0.8,86,0,2.8,6.96,2.3,1.3,1.5,0.1,2,1.3,0.7,0,0.8,0.4,0.5,1.4,0,0.2,0.7,43.8,86,0,4.3,0.1
LaLiga,Villarreal,es,Moi Gómez,25, M(CLR),176,71,12,3,983,2,2,1,0,0.9,83,1,0.6,6.86,1.4,0.6,0.7,0.1,0.3,0.4,0,0,0.9,1.1,0.9,0.9,0.4,0.7,1,28.6,83,0.7,2,0
LaLiga,Villarreal,ng,Samuel Chukwueze,20, AM(CR),172,70,8,7,878,3,1,0,0,1.7,72.6,0,0.4,6.85,0.9,0.1,0.3,0,0.5,0.4,0.1,0,1.7,1.3,1.9,1,0.1,0.7,1.7,20.7,72.6,0.1,1.1,0.1
LaLiga,Villarreal,es,Alberto Moreno,27," D(L),M(L)",171,65,3,0,270,0,0,0,0,1,81.4,0,0.3,6.83,2.3,1.3,0.3,0,1.3,0.7,0.7,0,1,1.7,0.3,0.3,0,1.7,1.7,43,81.4,0,1.3,0
LaLiga,Villarreal,es,Sergio Asenjo,30, GK,189,87,13,0,1170,0,0,1,0,0,72.5,0,0.2,6.79,0,0,0.2,0,0.8,0.2,0,0,0,0,0,0.1,0,0,0.1,24.1,72.5,0,4.7,0
LaLiga,Villarreal,cm,Karl Toko Ekambi,27," AM(L),FW",185,74,11,5,961,5,2,0,0,2.2,78.7,1,0.6,6.74,0.3,0.2,0.4,0,0.1,0.2,0,0,2.2,0.6,1.3,0.4,0.4,0.8,1.8,13.5,78.7,0.1,0.3,0
LaLiga,Villarreal,es,Raúl Albiol,34, D(C),187,74,15,0,1348,0,0,6,0,0.6,84.7,0,1.9,6.73,1.2,1.1,1,0.9,5.3,0.3,0.8,0,0.6,0.2,0.1,0.5,0.1,0,0.3,54.5,84.7,0.1,6.2,0.1
LaLiga,Villarreal,es,Pau Torres,22, D(C),191,80,16,0,1440,1,1,2,0,0.3,84.5,0,1.5,6.68,1.1,0.6,0.9,0.4,4.5,0.1,0.8,0,0.3,0.4,0.1,0.2,0,0.3,0.4,61.1,84.5,0,6.5,0.1
LaLiga,Villarreal,es,Mario Gaspar,29," D(CR),M(R)",182,74,8,0,711,0,0,1,0,1,73.9,0,2,6.62,1.5,1.3,0.9,0.5,2.3,0.8,0.3,0,1,0.9,0.4,0.6,0,0.3,0.6,42.6,73.9,0.4,1.8,0
LaLiga,Villarreal,es,Xavi Quintillá,23, D(L),183,70,12,0,1077,0,2,4,0,0.2,86.1,0,0.4,6.59,1.5,0.5,1.7,0.4,1.9,0.6,0.3,0,0.2,1.3,0.2,0.6,0,0.1,0.5,47.5,86.1,0.7,1.3,0
LaLiga,Villarreal,es,Rubén Peña,28," D(R),M(L)",170,65,9,1,837,0,1,1,0,0.3,82.2,1,0.4,6.57,1.7,1.2,1.7,0.4,2.2,1.6,0.2,1,0.3,0.8,0.8,0.5,0,0.7,1.5,44.9,82.2,0.6,3.3,0
LaLiga,Villarreal,es,Javier Ontiveros,22, AM(R),170,75,2,13,297,2,1,1,0,1.7,79.7,0,0.1,6.54,0.8,0.1,0.7,0,0.1,0.9,0,0,1.7,0.2,1.1,0.5,0,0.6,0.7,11.8,79.7,0.1,0.5,0
LaLiga,Villarreal,es,Manuel Morlanes,20, M(C),178,75,1,1,90,0,0,0,0,0,92.9,0,0.5,6.52,1.5,0.5,0.5,0,0.5,2,0.5,0,0,1.5,1,0,0,0,0.5,42,92.9,0,1,0
LaLiga,Villarreal,es,Manu Trigueros,28, M(C),178,75,3,6,290,0,1,1,0,0.4,86.2,0,0.3,6.46,0.8,0.1,0.6,0,0.3,0.6,0.2,0,0.4,1.4,0.1,0.8,0,0.3,0.4,20.9,86.2,0.4,1.2,0
LaLiga,Villarreal,es,Andrés Fernández,32, GK,187,82,3,0,270,0,0,1,0,0,69,0,1,6.31,0,0,0.3,0,1.3,0,0,0,0,0,0,0.3,0,0,0.3,29,69,0,5.3,0
LaLiga,Villarreal,co,Carlos Bacca,33, FW,181,77,2,8,241,0,0,1,0,0.6,68.8,0,0.6,6.09,0.3,0,0.5,0,0.1,0,0,0,0.6,0.1,0.2,0,0.3,0,0.8,4.8,68.8,0,0,0
LaLiga,Villarreal,ar,Ramiro Funes Mori,28," D(C),DMC",186,79,1,1,91,0,0,1,0,0.5,88.5,0,0.5,5.95,0.5,1,0.5,0,0.5,0,0,0,0.5,0,0,0,0,0,0,39,88.5,0,3.5,0
LaLiga,Deportivo Alaves,cl,Guillermo Maripán,25, D(C),193,84,1,0,90,0,0,0,0,0,75,0,5,7.54,1,2,0,1,9,1,0,0,0,0,0,0,0,0,0,12,75,0,1,0
LaLiga,Deportivo Alaves,es,Joselu,29, FW,192,80,14,2,1268,7,0,3,0,2.5,52.3,5,8.1,7.31,1,0.4,1.7,0.1,1.6,0.7,0.1,0,2.5,0.4,0.3,1.5,0.3,1.2,2.9,26.3,52.3,0.1,0.9,0
LaLiga,Deportivo Alaves,br,Rodrigo Ely,26, D(C),188,83,11,0,956,0,0,2,0,0.2,77.4,0,3.7,6.88,1,1.8,1.2,0.5,5.3,0.6,0.7,0,0.2,0,0.2,0.5,0.1,0.1,0.3,43,77.4,0,4.3,0
LaLiga,Deportivo Alaves,es,Tomás Pina,32, M(C),184,78,12,1,899,1,0,3,0,0.1,82.1,0,1.8,6.84,2.2,0.9,1.8,0.1,2,0.6,0.2,0,0.1,0.2,0.5,0.9,0,0.3,0.5,25.8,82.1,0,0.9,0
LaLiga,Deportivo Alaves,es,Ximo Navarro,29, D(CR),176,75,8,0,703,0,0,3,0,0.1,77,0,2.1,6.78,1.4,2.1,1,0.6,4,0.3,0.4,0,0.1,0.1,0.8,0.8,0,0.5,1.9,37.5,77,0,2,0
LaLiga,Deportivo Alaves,es,Lucas Pérez,31," AM(CR),FW",180,82,13,4,1176,8,2,2,0,1.4,70.1,1,0.3,6.76,0.5,0.1,0.8,0,0,0.2,0.1,0,1.4,1.5,0.5,0.4,0.8,1.5,1.5,15.8,70.1,1,0.4,0.2
LaLiga,Deportivo Alaves,es,Aleix Vidal,30," D(R),M(LR)",177,70,15,2,1327,0,3,3,0,0.8,76.4,0,0.5,6.71,0.6,1.1,0.7,0,0.4,1.3,0.1,0,0.8,1.6,0.8,1.5,0.1,0.7,1.9,26.9,76.4,1.6,1.3,0
LaLiga,Deportivo Alaves,gh,Mubarak Wakaso,29, M(CLR),171,72,13,1,1134,0,0,8,1,0.9,75.5,0,1.2,6.68,3.4,1.1,2.5,0,1.1,1,0.4,0,0.9,0.4,1.5,1.6,0,0.8,1.3,29.8,75.5,0.1,4,0
LaLiga,Deportivo Alaves,es,Martín Aguirregabiria,23, D(R),178,69,13,1,1171,0,1,0,0,0.1,70,0,1.1,6.66,2.6,0.4,1.4,0.3,1.6,1.2,0.3,0,0.1,0.5,0.9,0.9,0.1,0.6,1,31.4,70,0.5,0.9,0
LaLiga,Deportivo Alaves,es,Rubén Duarte,24, D(L),180,75,15,0,1350,0,0,5,0,0.8,70.9,0,1.5,6.62,1.9,1.4,1.5,0.3,2.3,1,0.3,0,0.8,0.5,0.1,1.1,0,0.5,0.5,32.9,70.9,0.4,2.1,0
LaLiga,Deportivo Alaves,es,Fernando Pacheco,27, GK,186,81,14,0,1260,0,0,0,0,0,58.1,0,0.2,6.60,0.1,0,0,0,0.6,0.1,0,0,0,0,0,0,0,0,0,25.4,58.1,0,10.9,0
LaLiga,Deportivo Alaves,es,Víctor Laguardia,30, D(C),185,80,12,0,1080,1,1,5,1,0.4,72,0,1.9,6.48,0.6,1.3,1.5,0.7,4.4,0.6,0.8,0,0.4,0.3,0.2,0.4,0.1,0.1,0.2,38.3,72,0,4.5,0
LaLiga,Deportivo Alaves,es,Adrián Marín,22, D(L),181,73,4,0,338,0,0,0,0,0.3,73.4,0,1.3,6.41,2.5,1.8,2.5,0.5,2.8,0.5,1,0,0.3,0,0.5,0.3,0,0.5,1.3,27.3,73.4,0,0,0
LaLiga,Deportivo Alaves,es,Luis Rioja,26, M(L),175,68,11,2,847,0,0,1,0,0.3,71.7,0,0.4,6.41,0.5,0.7,0.8,0,0.2,0.5,0,0,0.3,0.8,0.9,0.6,0,0.6,0.8,13.8,71.7,0.7,0.2,0
LaLiga,Deportivo Alaves,gb,Oliver Burke,22," AM(R),FW",188,74,4,9,563,0,1,1,0,0.7,69.1,0,1.4,6.39,0.5,0.4,0.7,0,0.2,0.5,0,0,0.7,0.1,1.2,0.5,0,0.8,0.6,12.5,69.1,0,0.2,0
LaLiga,Deportivo Alaves,ar,Lisandro Magallán,26, D(C),182,79,5,2,453,1,0,3,0,0.6,78.8,1,2.1,6.33,1.1,0.4,1,0.7,2.7,0.3,0.7,0,0.6,0,0.1,0.3,0,0,0.6,26.3,78.8,0,2.6,0
LaLiga,Deportivo Alaves,es,Manu García,33, DMC,182,74,12,3,1017,0,0,6,1,0.8,71.8,0,3.3,6.30,1.3,0.5,2.3,0,1.1,1.5,0.6,0,0.8,0,0.3,1.4,0.2,0.9,0.9,25.7,71.8,0,1.1,0
LaLiga,Deportivo Alaves,es,Pere Pons,26, DMC,177,70,4,11,545,0,1,0,0,0.2,74.2,0,0.6,6.21,1.1,0.2,0.8,0,0.3,0.5,0.1,0,0.2,0.4,0,0.4,0,0.2,1.3,15,74.2,0.2,0.6,0.1
LaLiga,Deportivo Alaves,es,Borja Sainz,18, Midfielder,174,0,2,6,254,0,0,1,0,0.6,75,0,0.3,6.20,1.1,0.1,0.9,0,0,0.5,0,0,0.6,0.5,0.9,0.4,0.1,1.1,1.6,4.5,75,0.1,0.1,0
LaLiga,Deportivo Alaves,es,Tachi,22, Defender,184,72,0,2,10,0,0,0,0,0,66.7,0,0,6.17,0,1,0.5,0,0.5,0.5,0.5,0,0,0,0,0,0,0.5,0,1.5,66.7,0,0.5,0
LaLiga,Deportivo Alaves,se,John Guidetti,27, FW,185,80,1,4,95,0,0,0,0,0.4,62.5,0,0.2,6.12,0.4,0,0,0,0,0,0,0,0.4,0.2,0.6,0.2,0,0.4,0.2,6.4,62.5,0,0,0
LaLiga,Deportivo Alaves,es,Antonio Sivera,23, GK,184,75,3,0,270,0,0,1,0,0,55.4,0,0.7,6.06,0,0,0.3,0,1.3,0,0,0,0,0,0,0,0,0,0,24.7,55.4,0,10,0
LaLiga,Deportivo Alaves,es,Burgui,26, AM(LR),184,75,0,1,4,0,0,0,0,0,0,0,0,6.03,0,0,0,0,0,0,0,0,0,0,0,0,0,0,0,0,0,0,0,0
LaLiga,Real Valladolid,es,Nacho,30, D(LR),174,63,13,0,1088,0,1,2,0,0.4,69.9,0,0.6,6.82,2.5,1.2,1.4,0,2.8,1.6,0.5,0,0.4,1.1,0.5,0.5,0.2,0.4,0.8,37.6,69.9,0.4,2.5,0
LaLiga,Real Valladolid,es,Joaquín Fernández,23," D(C),DMC",190,72,7,1,652,1,0,6,0,0.4,78.8,1,2.9,6.79,2.1,1.1,1.9,0,2.4,1.1,0.1,0,0.4,0.3,0.4,0.4,0.3,0.4,0.4,36.5,78.8,0,2.5,0
LaLiga,Real Valladolid,bj,Mohammed Salisu,20, D(C),191,82,16,1,1466,1,0,2,0,0.2,80.7,1,2.9,6.79,1.2,1.1,0.8,0.5,4.9,0.5,0.9,0,0.2,0,0.4,0.5,0.1,0.2,0.5,36.6,80.7,0,2.1,0
LaLiga,Real Valladolid,es,Kiko Olivas,31, D(C),184,76,17,0,1530,1,0,1,0,0.2,88.7,1,1.2,6.75,1.1,1.9,0.4,0.3,3.6,0.6,0.6,0,0.2,0.1,0.4,1,0.1,0.2,0.4,36.4,88.7,0,2.4,0
LaLiga,Real Valladolid,es,Óscar Plano,28," AM(CLR),FW",180,72,16,1,1406,3,2,2,0,1.5,73,1,1.2,6.73,0.8,1.2,1.6,0,0.6,1.2,0.1,0,1.5,0.8,0.5,1.7,0.1,0.9,1.5,23.1,73,0.3,1.1,0.1
LaLiga,Real Valladolid,es,Míchel,31, M(CR),182,68,16,0,1315,1,1,4,0,0.4,82.2,0,0.4,6.68,1.9,1.5,1.5,0,1.6,2.1,0.2,0,0.4,0.9,0.6,0.5,0.1,0.9,1.2,52.6,82.2,0.7,6.6,0
LaLiga,Real Valladolid,es,Javi Moyano,33, D(R),180,71,12,0,1002,0,0,2,0,0.1,72,0,1.2,6.63,0.5,0.8,0.8,0.3,2.2,0.5,0.2,0,0.1,0.7,0.8,0.9,0,0.4,0.5,29.5,72,0.5,0.9,0
LaLiga,Real Valladolid,es,Toni Villa,24, AM(L),172,63,8,2,622,0,1,2,0,0.6,73.4,1,0.4,6.61,1.5,0.5,0.7,0,0.1,1.4,0.1,0,0.6,0.5,1.7,1.6,0.2,1.4,2.2,17.7,73.4,0.2,0.9,0
LaLiga,Real Valladolid,es,Fede San Emeterio,22, M(C),174,68,7,0,624,0,0,1,0,0,87.9,0,1.4,6.59,1.3,1.6,1.4,0.1,1,0.9,0.4,0,0,0.1,0.3,1.6,0,0.4,0.6,37.7,87.9,0,3.3,0
LaLiga,Real Valladolid,es,Rubén Alcaraz,28, DMC,183,81,4,4,450,0,1,5,0,1.1,80.7,0,1,6.56,2.6,0.6,1,0,0.6,0.8,0.5,0,1.1,0.8,0.5,2.3,0,0.3,0.6,30.4,80.7,0.3,3.4,0
LaLiga,Real Valladolid,tr,Enes Ünal,22, FW,187,78,7,7,825,1,1,1,0,1.2,65,0,2.5,6.54,0.3,0.1,1.1,0,0.2,0.6,0.1,0,1.2,0.6,0.9,1.9,0.3,1.2,1.9,15.5,65,0.1,0.5,0.1
LaLiga,Real Valladolid,es,Sandro Ramírez,24," AM(LR),FW",175,71,9,3,688,1,0,2,0,1.7,72.2,0,0.6,6.49,0.8,0.3,1,0,0,0.8,0.1,0,1.7,0.5,0.8,1.8,0.3,0.8,2,12.6,72.2,0.3,0.5,0.1
LaLiga,Real Valladolid,es,Jordi Masip,30, GK,180,76,17,0,1530,0,0,2,0,0,48.8,1,0.1,6.48,0.1,0,0,0,0.3,0.1,0,0,0,0.1,0,0,0,0,0.1,28.1,48.8,0,8.8,0
LaLiga,Real Valladolid,es,Sergi Guardiola,28, FW,184,78,17,0,1441,3,0,3,0,1.8,68.4,1,1.3,6.47,0.3,0.3,1.6,0,0.4,0.6,0,0,1.8,0.4,1.2,1.8,0.5,1.2,2.8,19.4,68.4,0,0.6,0.1
LaLiga,Real Valladolid,es,Pablo Hervías,26, M(R),174,67,3,5,306,1,0,0,0,1.4,80.4,0,0.6,6.47,0.3,0.1,0.4,0,0,0.5,0,0,1.4,0.5,1,0.9,0.1,0.9,0.3,12.8,80.4,0.4,0.1,0
LaLiga,Real Valladolid,it,Federico Barba,26, D(CL),185,77,5,0,450,0,0,3,0,0.2,65.1,0,1.4,6.34,2.4,1.6,1.6,0.2,2,0.4,0.4,0,0.2,0.2,0.4,1,0,0,1.6,35,65.1,0.2,1.2,0
LaLiga,Real Valladolid,es,Waldo Rubio,24, M(L),181,80,4,6,425,0,1,3,0,0.9,62.7,0,0.3,6.25,0.3,0.3,0.7,0,0.4,1.3,0,0,0.9,0.7,1,0.3,0.2,0.6,0.8,13.4,62.7,0.2,0.6,0
LaLiga,Real Valladolid,es,Pedro Porro,20," D(R),M(R)",176,71,6,5,630,0,0,1,0,0,65.4,0,0.5,6.25,1.4,0.5,0.3,0.1,1.3,0.7,0,0,0,0.4,0.9,0.8,0,0.6,1,19.2,65.4,0.4,1.7,0
LaLiga,Real Valladolid,es,Jorge De Frutos,22, Forward,173,72,0,3,56,0,0,0,0,0.3,86.7,0,0,6.17,0.7,0,0.7,0,0,0.3,0,0,0.3,0.3,0.3,0,0,1.3,1,5,86.7,0.3,0,0
LaLiga,Real Valladolid,es,Antoñito,31," D(R),M(R)",175,67,2,2,159,0,0,1,0,0,75,0,0.3,6.17,0,0.8,0.5,0,0,0.5,0,0,0,0.5,0,0.8,0.3,0.3,0.5,9,75,0,0,0.3
LaLiga,Real Valladolid,es,Anuar Mohamed,24, AM(C),173,69,1,9,170,0,0,1,0,0.1,86,0,0.3,6.10,0.4,0.5,0.3,0,0,0.3,0.3,0,0.1,0,0.1,0.5,0,0.2,0.4,10,86,0,0.2,0
LaLiga,Real Valladolid,,Miguel De la Fuente,20, Forward,180,77,0,1,1,0,0,0,0,0,0,0,0,6.00,0,0,0,0,0,0,0,0,0,0,0,0,0,0,1,0,0,0,0,0
LaLiga,Eibar,cl,Fabián Orellana,33, AM(CLR),170,64,16,0,1371,4,4,5,1,1.7,76.2,2,0.7,6.98,1.2,0.6,0.8,0,0.1,1.4,0,0,1.7,2.1,2.6,1.8,0.3,3.9,3,31.2,76.2,1.8,1.2,0.1
LaLiga,Eibar,ar,Esteban Burgos,27, D(C),190,80,0,1,69,0,0,0,0,0,63.2,0,5,6.77,0,1,0,2,4,0,0,0,0,0,0,1,0,0,0,19,63.2,0,1,0
LaLiga,Eibar,es,Cote,30, D(L),182,74,11,0,937,1,1,1,0,1,71.2,2,1.3,6.77,1.8,1.1,0.7,0.2,1.8,0.5,0.4,0,1,1.4,0.4,0.5,0,0.4,1,39.1,71.2,2,2.9,0
LaLiga,Eibar,ar,Gonzalo Escalante,26, DMC,182,76,12,3,1117,0,0,2,1,0.8,71.1,0,3.4,6.67,2.3,1.3,1.1,0,0.7,0.9,0.1,0,0.8,0.4,0.7,1.4,0.1,0.5,0.9,29.1,71.1,0.1,1.4,0
LaLiga,Eibar,es,Álvaro Tejero,23, D(R),174,69,7,2,676,0,0,3,0,0.1,74.3,1,1.1,6.66,1.8,1.2,1,0.7,1,0.4,0.4,0,0.1,1,0.1,1.2,0.1,0.1,0.9,29.8,74.3,1.4,2.4,0
LaLiga,Eibar,es,Anaitz Arbilla,32, D(CLR),178,76,14,0,1257,1,0,5,0,0.8,75.4,0,2.7,6.66,0.9,1.3,1,1.2,3.8,0.9,0.1,0,0.8,0.2,0.5,0.5,0,0.2,0.6,47.6,75.4,0.1,7,0
LaLiga,Eibar,pt,Paulo Oliveira,27, D(C),187,81,13,2,1231,1,0,4,0,0.5,69,0,2.9,6.63,1.3,1.4,0.5,0.7,3.3,0.3,0.6,1,0.5,0.1,0.1,0.5,0,0,0.2,32.7,69,0.1,3.9,0
LaLiga,Eibar,es,Edu Expósito,23, DMC,178,68,8,8,836,1,0,3,0,0.5,88.9,1,0.6,6.56,1.1,0.9,0.6,0.1,0.6,0.6,0.1,0,0.5,0.5,0.6,0.4,0,0.4,0.6,20.2,88.9,0.1,1.6,0.1
LaLiga,Eibar,sn,Pape Diop,33, M(C),180,77,14,0,1218,1,0,5,0,1.1,74.6,0,2.6,6.52,1,1.1,2,0,1.1,1.1,0.1,0,1.1,0.6,0.1,1.3,0,0.6,1,31.5,74.6,0.1,2.4,0.1
LaLiga,Eibar,ar,Pablo De Blasis,31," D(R),M(CLR)",165,65,9,4,880,0,2,0,0,0.3,69.4,0,0.5,6.51,1.9,1.2,0.8,0.2,0.7,1.6,0,0,0.3,0.5,0.7,0.5,0,0.3,0.8,32.5,69.4,0.9,3.4,0
LaLiga,Eibar,es,Kike García,30, FW,186,79,10,4,960,2,0,2,0,2.3,64.9,0,4.5,6.50,0.5,0.1,2.2,0,0.4,0.4,0,0,2.3,0.6,0.2,0.9,0.4,1.6,2.5,20.1,64.9,0.1,0.3,0
LaLiga,Eibar,jp,Takashi Inui,31, AM(CLR),169,59,11,1,917,0,2,2,0,1.7,81.9,1,0.4,6.48,1.1,0.8,1.4,0,0.5,1.1,0.3,0,1.7,0.9,0.8,0.8,0.3,1.3,2.1,19.8,81.9,0.2,0.3,0
LaLiga,Eibar,es,Pedro León,33, M(LR),183,70,10,5,858,1,0,1,0,1.1,64.3,0,0.7,6.40,0.8,0.4,0.5,0,0.3,0.2,0,0,1.1,1.2,0.4,0.4,0.2,1.1,1.6,16.1,64.3,1.3,0.5,0
LaLiga,Eibar,es,Rober Correa,27, D(R),180,71,3,1,257,0,0,0,0,0.3,70.5,0,2.3,6.39,1.3,0,0.8,1.5,2.3,0.3,0.3,0,0.3,0,0,1,0,0,0.5,26.3,70.5,0.3,1.3,0
LaLiga,Eibar,rs,Marko Dmitrovic,27, GK,194,94,17,0,1530,0,0,3,0,0,44.4,0,0.4,6.33,0.1,0.1,0.1,0,0.8,0.1,0,0,0,0,0,0.1,0,0,0.1,27.7,44.4,0,8.5,0
LaLiga,Eibar,es,Iván Ramis,35, D(C),188,82,6,1,459,1,0,1,0,0.6,78.4,1,3,6.32,0.4,0.6,0.6,1.1,3.3,0.4,0,0,0.6,0.1,0.4,0.7,0,0.1,0.4,31.7,78.4,0,2.7,0
LaLiga,Eibar,es,Pedro Bigas,29, D(CL),181,83,4,1,256,0,0,1,0,0.2,68.6,0,1.4,6.32,1.2,0.8,0,0.4,1.4,0.6,0.2,0,0.2,0.4,0,0.4,0,0,0.4,20.4,68.6,0.4,3,0
LaLiga,Eibar,es,Quique González,29, Forward,177,78,3,4,317,0,0,0,0,0.9,68.1,0,2.7,6.31,0.1,0,1,0,0.1,0,0,0,0.9,0.3,0.4,1.4,0.3,0.6,1.4,10.3,68.1,0.1,0.1,0
LaLiga,Eibar,es,Sergi Enrich,29, FW,181,77,8,3,686,0,0,1,0,0.5,72.2,0,3.7,6.29,0.6,0.2,1.9,0.1,0.5,0.8,0.1,0,0.5,0.2,0.3,0.9,0.3,1.5,1.6,17,72.2,0,0.4,0.1
LaLiga,Eibar,br,Charles,35, FW,179,76,6,8,573,2,0,3,0,0.6,62.8,0,2.3,6.29,0.1,0,1.3,0,0.2,0.3,0,0,0.6,0.4,0.1,0.8,0.3,0.4,0.9,11.1,62.8,0.1,0.1,0
LaLiga,Eibar,es,Sergio Álvarez,27," D(C),M(C)",183,74,5,2,431,0,0,4,0,0.1,67.6,0,1.3,6.12,1,1,1.1,0.7,1.4,0.9,0,0,0.1,0,0.1,0.9,0,0,0.3,24.7,67.6,0,2.7,0
LaLiga,Mallorca,hr,Ante Budimir,28, FW,190,75,17,0,1384,6,0,4,0,1.5,64.5,2,4.4,6.87,1.1,0.1,2.4,0,1,0.5,0.2,0,1.5,0.1,0.5,2.2,0.6,1.1,2.8,16.4,64.5,0.1,0.1,0
LaLiga,Mallorca,,Fran Gámez,28, D(L),174,71,9,0,810,0,1,0,0,0.6,74.7,1,0.4,6.84,3.3,1.8,0.6,0.1,2,2,0.8,0,0.6,0.7,0.3,0.3,0.1,0.4,1.4,32.6,74.7,0.7,2.4,0
LaLiga,Mallorca,es,Manolo Reina,34, GK,186,81,16,0,1440,0,0,1,0,0,57.6,1,0.2,6.82,0,0.2,0,0,0.4,0.1,0,0,0,0,0,0.3,0,0,0,28.4,57.6,0,7.3,0
LaLiga,Mallorca,es,Dani Rodríguez,31, AM(R),178,71,16,1,1333,3,0,2,0,1.5,81.5,1,0.8,6.63,1.7,0.9,1.5,0,0.6,1.1,0,0,1.5,0.7,0.8,1.4,0.2,0.9,2.1,24.5,81.5,0.2,1.4,0
LaLiga,Mallorca,gh,Iddrisu Baba,23, DMC,185,73,16,0,1328,0,0,4,0,0.3,80,0,2.5,6.59,1.8,1.3,1.4,0.1,1.3,1.6,0.3,1,0.3,0.3,1.3,1.7,0.1,1.1,1.1,36.3,80,0,1.9,0
LaLiga,Mallorca,,Aleix Febas,23, AM(C),171,61,15,1,1151,0,3,3,0,0.4,82,0,0.2,6.57,1.1,0.5,0.8,0,0.2,1.1,0,0,0.4,1.3,1.6,1.8,0,1.5,2.2,25,82,0,0.5,0.2
LaLiga,Mallorca,ci,Lago Junior,28, AM(L),180,79,13,2,1134,4,0,2,0,1.3,78.3,0,1.2,6.54,1,0.3,1.6,0.1,0.8,0.5,0.2,0,1.3,0.7,1.1,1.5,0.3,1.6,2.7,22.4,78.3,0.3,0.5,0
LaLiga,Mallorca,jp,Takefusa Kubo,18, Midfielder,173,67,8,6,866,1,1,1,0,1.2,65.6,1,0.4,6.54,1.1,0.6,1.2,0,0.1,0.9,0,0,1.2,0.6,1.2,1.7,0.1,1.5,1.4,15.1,65.6,0.2,0.1,0.1
LaLiga,Mallorca,es,Salva Sevilla,35, M(CL),178,71,16,0,1278,3,1,5,0,0.9,88.1,0,0.2,6.49,0.6,0.3,1.1,0,0.7,0.7,0.1,0,0.9,1.8,0.2,0.4,0.1,0.7,0.8,50.5,88.1,0.9,2.9,0.1
LaLiga,Mallorca,,Juan Hernández,20, FW,176,73,0,2,76,0,1,1,0,1.5,63.6,0,2,6.44,1,0.5,1.5,0,0,0.5,0,0,1.5,1,0.5,2,0,0,2,5.5,63.6,0.5,0,0
LaLiga,Mallorca,sk,Martin Valjent,24, D(C),187,70,17,0,1530,0,0,2,0,0.5,83.1,0,1.4,6.41,0.8,0.9,0.5,0.3,4.8,0.3,0.4,0,0.5,0.1,0.2,0.3,0,0.2,0.3,30.6,83.1,0,2.1,0
LaLiga,Mallorca,es,Joan Sastre,22, D(R),174,75,14,0,1212,0,2,4,0,0.8,69.9,0,0.6,6.41,1.7,1.4,1.2,0,1.6,1.1,0.1,0,0.8,1,0.1,1.3,0,0.4,1.6,28.5,69.9,1,1.7,0
LaLiga,Mallorca,es,Antonio Raíllo,28, D(C),187,80,14,0,1227,0,0,1,1,0.6,85.2,0,1.7,6.33,1.1,0.6,0.8,0.6,3.8,0.3,0.9,0,0.6,0.1,0.1,0.1,0.1,0.1,0.2,35.7,85.2,0,2.8,0
LaLiga,Mallorca,es,Xisco Campos,37, Defender,180,77,3,3,299,0,0,1,0,0.3,71.3,0,1.7,6.32,1,1.3,1,0.2,2.3,0.3,0.7,0,0.3,0.2,0,0.5,0,0,0,21.5,71.3,0,2.3,0
LaLiga,Mallorca,gh,Lumor Agbenyenu,23," D(L),M(L)",175,70,9,2,922,0,0,1,1,0.6,73.9,0,1.1,6.29,1.4,0.7,0.9,0.1,2.6,1,0.1,0,0.6,0.5,0.8,0.5,0,0.5,1.6,30.3,73.9,0.3,0.8,0
LaLiga,Mallorca,fr,Yannis Salibur,28," AM(CLR),FW",177,76,0,2,52,0,0,0,0,0,75,0,0.5,6.26,0,0.5,1,0,0,0.5,0,0,0,0,1,1.5,0,0.5,0.5,12,75,0,0,0
LaLiga,Mallorca,gh,Abdul Rahman Baba,25," D(L),M(L)",180,72,2,0,109,0,0,1,0,0.5,62.9,0,0.5,6.24,1.5,0.5,0.5,0,1,0,0.5,0,0.5,0,0,0,0,0.5,1.5,17.5,62.9,0.5,1,0
LaLiga,Mallorca,mk,Aleksandar Trajkovski,27," AM(CL),FW",179,72,0,7,147,0,0,0,0,0.4,75.9,0,0,6.15,0.3,0.3,0.6,0,0.1,0.3,0,0,0.4,0.7,0.3,0.6,0,0.4,0.9,7.7,75.9,0.6,0.9,0
LaLiga,Mallorca,es,Álex Alegría,27, FW,190,82,0,6,103,0,0,0,0,0,65.6,0,1.7,6.11,0.2,0,0.8,0,0,0,0,0,0,0,0,0.7,0.2,0.2,0.3,5.3,65.6,0,0.2,0
LaLiga,Mallorca,ar,Pablo Chavarria,31," AM(R),FW",182,74,0,4,45,0,0,0,0,0.5,54.5,0,1.3,6.09,0,0,0.5,0,0,0.5,0,0,0.5,0.3,0,0,0,0,0.8,2.8,54.5,0,0,0
LaLiga,Mallorca,es,Abdón Prats,27, Forward,181,81,0,9,117,0,0,1,0,0.7,69.2,0,0.8,6.02,0.1,0,0.4,0,0.1,0,0,0,0.7,0,0,0.1,0,0.1,0.3,2.9,69.2,0,0.1,0
LaLiga,Mallorca,es,Marc Pedraza,32, Midfielder,184,82,1,1,74,0,0,0,0,0,73.7,0,0,6.01,0.5,1,0.5,0,0.5,1,0,0,0,0,0,0,0,0,0,9.5,73.7,0,0,0
LaLiga,Mallorca,es,Josep Señé,28, AM(CR),186,79,0,3,60,0,0,0,0,0,95,0,0,5.98,0,0,0.3,0,0,0.7,0.3,0,0,0,0,0,0,0.3,0,13.3,95,0.3,0,0
LaLiga,Mallorca,es,Aridai Cabrera,31, Forward,172,64,0,2,35,0,0,0,0,0.5,77.8,0,0,5.96,0.5,0,1,0,0,0.5,0,0,0.5,0,0,0,0,0.5,1,4.5,77.8,0,0,0
LaLiga,Mallorca,es,Fabri,31, GK,184,79,2,0,91,0,0,1,0,0,70.4,0,0,5.47,0,0,0.5,0,0,0,0,0,0,0,0,0,0,0,0,13.5,70.4,0,4,0
LaLiga,Celta Vigo,br,Rafinha,26, M(CLR),174,71,7,2,613,1,0,0,0,0.8,89.6,1,1,6.98,2,1,1,0,1.1,1,0.1,0,0.8,0.8,1.8,3,0,1.8,1.8,45.8,89.6,0,1.9,0.2
LaLiga,Celta Vigo,es,Denis Suárez,25, AM(CLR),176,69,15,1,1199,1,2,2,0,0.9,82,1,0.3,6.94,0.8,0.6,0.7,0,0.4,1.1,0.1,0,0.9,2.1,2.6,1.6,0,2.3,1.5,34.4,82,1.3,1.1,0
LaLiga,Celta Vigo,tr,Okay Yokuslu,25," D(C),DMC",190,79,6,0,464,0,0,1,0,0.3,81,1,4.3,6.82,1.5,1.2,1.2,0,2.8,0.5,0.2,0,0.3,0.2,0.7,0.2,0,1,0.7,51.7,81,0,1.7,0
LaLiga,Celta Vigo,es,Iago Aspas,32," AM(CR),FW",176,67,17,0,1528,6,0,3,0,2.6,79.3,1,0.7,6.81,0.8,0.5,0.7,0,0.1,0.6,0,0,2.6,1.1,1.3,1.9,0.6,1,2,32.4,79.3,0.1,1.1,0
LaLiga,Celta Vigo,mx,Néstor Araújo,28, D(C),188,87,15,1,1382,1,0,4,0,0.4,86.6,0,3.2,6.80,1.4,1.6,0.8,0.4,3.7,0.5,0.8,0,0.4,0.1,0,0.2,0,0.1,0.3,49.4,86.6,0,1.9,0
LaLiga,Celta Vigo,uy,Lucas Olaza,25, D(L),173,68,15,0,1348,1,2,3,0,0.5,81.2,0,0.9,6.72,1.7,0.9,0.7,0.2,1.7,0.4,0.2,0,0.5,1,0.3,0.5,0,0.4,0.4,46.4,81.2,1.1,1.6,0
LaLiga,Celta Vigo,es,Hugo Mallo,28," D(CR),M(R)",173,69,13,2,1110,0,1,4,0,0.2,79.9,1,1.6,6.66,2.5,0.9,0.8,0.2,2.6,1,0.2,0,0.2,0.4,0.1,1,0.2,0.2,1.1,41.1,79.9,0.5,2.6,0
LaLiga,Celta Vigo,es,Rubén Blanco,24, GK,188,70,15,0,1350,0,0,2,0,0,60.7,1,0.2,6.57,0,0,0,0,1.1,0,0,0,0,0,0,0.1,0,0,0,27.1,60.7,0,6.1,0
LaLiga,Celta Vigo,gh,Joseph Aidoo,24, D(C),180,80,16,0,1431,0,0,3,0,0.4,88.3,0,2.1,6.57,1.3,1.6,0.6,0.4,4.5,0.3,0.5,0,0.4,0,0.4,0.8,0,0.2,0.4,47.6,88.3,0,2.9,0
LaLiga,Celta Vigo,es,Kevin Vázquez,26, D(R),173,72,4,0,335,0,0,2,0,0,86.1,0,1,6.52,1,1.8,1,0,1,1,0,0,0,0.3,0.8,2.3,0,0.5,1,46.8,86.1,0.3,1.8,0
LaLiga,Celta Vigo,es,Santi Mina,24," AM(LR),FW",181,77,10,4,927,1,2,3,0,1.8,72.3,0,3.7,6.51,0.4,0.4,2,0.1,0.7,1.2,0.1,0,1.8,0.6,0.6,1.3,0.3,1.3,2.2,19.9,72.3,0.3,0.5,0.2
LaLiga,Celta Vigo,,Iker Losada Aragunde,18, Forward,175,0,0,2,11,1,0,0,0,0.5,77.8,0,0.5,6.48,0,0,0,0,0,0,0,0,0.5,0,0,0,0,0,0.5,4.5,77.8,0,0,0
LaLiga,Celta Vigo,dk,Pione Sisto,24, AM(LR),171,64,4,7,451,1,0,0,0,1.3,81.7,0,0.1,6.45,0.5,0.4,0.3,0,0.1,0.8,0,0,1.3,0.6,0.9,1.2,0.2,1.5,1.6,18.9,81.7,0.5,0.9,0
LaLiga,Celta Vigo,sk,Stanislav Lobotka,25, DMC,170,64,16,0,1301,0,0,1,0,0.4,89.4,0,0.8,6.41,1.1,0.5,0.6,0.1,0.4,0.9,0.1,0,0.4,0.4,0.7,1.3,0.1,0.8,0.6,45.4,89.4,0,2.2,0
LaLiga,Celta Vigo,es,Brais Méndez,22, AM(CR),187,76,9,7,862,0,1,1,0,1,76,0,1.4,6.41,0.9,0.4,1.2,0,0.9,1,0,0,1,0.3,0.9,1.4,0.2,0.7,1.5,24.2,76,0.2,1.1,0
LaLiga,Celta Vigo,es,Fran Beltrán,20, DMC,170,66,8,4,715,0,0,1,1,0.3,90,0,0.2,6.34,1.5,0.6,0.3,0,0.8,1,0.1,0,0.3,0.3,0.8,0.4,0,0.5,0.5,33.3,90,0,2.2,0
LaLiga,Celta Vigo,es,David Juncà,26, D(L),175,67,3,0,259,0,0,1,0,0,78.6,0,1,6.26,2,0.7,1.7,0,1,0.3,0.3,0,0,0,0.7,2.3,0.3,0,1,39,78.6,0.7,1.3,0
LaLiga,Celta Vigo,es,Sergio Álvarez,33, GK,180,75,3,0,181,0,0,2,0,0,68.8,0,0,6.18,0,0,0,0,0.3,0,0,0,0,0,0,0,0,0,0,16,68.8,0,2.7,0
LaLiga,Celta Vigo,uy,Gabriel Fernández,25, Forward,186,80,4,7,375,1,1,1,1,0.2,69.4,0,1.4,6.11,0.1,0.2,0.8,0.1,0.1,0.2,0.1,0,0.2,0.2,0.2,0.5,0.4,0.6,1,5.6,69.4,0,0.1,0
LaLiga,Celta Vigo,sn,Pape Cheikh,22, DMC,180,68,5,7,523,0,1,3,1,0.2,89.7,0,0.3,6.09,0.5,0.2,1.7,0,0.3,0.8,0,0,0.2,0.3,0.4,1.1,0,0.5,0.8,19.5,89.7,0,1,0
LaLiga,Celta Vigo,,Sergio Bermejo,22, Midfielder,170,0,0,1,4,0,0,0,0,0,100,0,0,6.08,0,0,0,0,0,0,0,0,0,0,1,0,0,0,0,3,100,0,0,0
LaLiga,Celta Vigo,es,David Costas,24, D(C),184,71,1,3,154,0,0,1,0,0.3,88.9,0,0.3,6.04,0.5,1,1,0.3,1,0.5,0.3,0,0.3,0,0,0,0,0.3,0,24.8,88.9,0,1.5,0
LaLiga,Celta Vigo,,Juan Hernández,25, Forward,186,75,0,1,1,0,0,0,0,0,0,0,0,6.00,0,0,0,0,0,0,0,0,0,0,0,0,0,0,0,2,0,0,0,0
LaLiga,Celta Vigo,es,Jorge Sáenz,23, Defender,192,75,2,1,132,0,0,1,1,0,86.2,0,0.7,5.91,1.7,0.7,0.7,0.3,1,0,0,0,0,0,0,0.3,0,0,0.3,29,86.2,0,3.3,0
LaLiga,Leganes,pt,Kévin Rodrigues,25, D(L),170,70,5,3,526,1,1,0,1,0.5,76.5,2,0.5,6.84,2.9,1.9,1.3,0.1,1.1,0.6,0.1,0,0.5,0.9,1.1,0.3,0,0.8,1.1,17,76.5,1.1,1,0
LaLiga,Leganes,ma,Youssef En-Nesyri,22, FW,189,73,13,3,1205,3,1,2,0,2.2,57.1,0,3.8,6.69,0.4,0.3,1.3,0,1.2,0.6,0.1,0,2.2,0.4,0.9,1.1,1,0.8,2.3,13.7,57.1,0.1,0.4,0
LaLiga,Leganes,es,Unai Bustinza,27, D(CR),175,74,15,1,1341,0,1,2,0,0.3,70.4,0,2.2,6.67,1.9,1.9,1.6,0.3,2.7,0.6,0.4,0,0.3,0.7,0.3,1.3,0.2,0.2,0.5,35.3,70.4,0.3,2.9,0
LaLiga,Leganes,es,Óscar Rodríguez,21, AM(CR),174,67,14,2,1075,4,0,2,1,1.8,71.7,2,0.6,6.64,0.7,0.6,0.9,0,0.2,1.1,0,0,1.8,0.8,1.4,1.4,0.1,0.6,1.9,23.4,71.7,0.7,0.9,0.1
LaLiga,Leganes,ve,Roberto Rosales,31," D(R),M(R)",174,73,8,1,725,0,1,5,0,0.2,64.8,1,0.9,6.63,2.3,0.9,1.8,0.1,1.8,0.6,0.2,0,0.2,1.4,0.4,0.6,0.1,0.1,1,27.1,64.8,1.1,1.7,0
LaLiga,Leganes,gr,Dimitrios Siovas,31, D(C),192,83,13,0,1029,0,0,3,0,0.6,74.4,0,3.2,6.63,2.2,1.7,1,0.3,3.6,0.5,0,0,0.6,0.1,0.2,0.3,0.2,0.1,0.7,33.1,74.4,0,3.2,0
LaLiga,Leganes,dk,Martin Braithwaite,28," AM(CLR),FW",177,73,14,3,1316,4,0,1,0,1.5,70.9,0,1.6,6.61,0.5,0.2,0.9,0.1,0.2,0.5,0.1,0,1.5,0.6,1.4,1.1,0.4,1.1,1.6,15.2,70.9,0,0.5,0
LaLiga,Leganes,es,Iván Cuéllar,35, GK,187,76,10,0,900,0,0,1,0,0,45.7,0,0.6,6.54,0,0,0,0,2.2,0.1,0,0,0,0,0,0.2,0,0,0,26.9,45.7,0,8.8,0
LaLiga,Leganes,ng,Chidozie Awaziem,22, D(CR),189,78,8,2,784,0,0,2,0,0.2,76.6,0,2,6.53,1.3,1.2,0.7,0.2,3.6,0.4,0.8,0,0.2,0.1,0.4,0.4,0.1,0.2,0.3,29,76.6,0,2.5,0
LaLiga,Leganes,ar,Guido Carrillo,28, FW,191,87,6,6,600,0,1,0,0,1.3,61.1,0,4.3,6.52,0.7,0,0.9,0,0.8,0.8,0.1,0,1.3,0.4,0.2,1.3,0.1,0.8,1.1,13.1,61.1,0,0.1,0
LaLiga,Leganes,ar,Jonathan Silva,25," D(L),M(L)",178,72,15,0,1350,0,0,6,0,0.6,72.7,0,1.4,6.51,2.2,0.9,1.5,0.2,1.9,0.8,0.1,1,0.6,1,0.3,1.1,0,0.6,0.9,31.5,72.7,1.7,1.3,0.1
LaLiga,Leganes,es,Roque Mesa,30, DMC,172,74,11,2,1004,0,2,5,0,0.8,84.4,0,0.3,6.50,1.2,0.4,1.5,0,0.2,1,0.1,0,0.8,1.3,0.9,1.7,0.1,1.4,2.2,28.5,84.4,0.9,1.6,0
LaLiga,Leganes,es,Recio,28, M(C),183,74,9,3,806,0,0,6,0,0.9,88.5,0,0.2,6.49,1.4,1.2,1.8,0,0.3,1.4,0.3,0,0.9,0.7,0.7,1.7,0.1,0.8,1,36.1,88.5,0.1,1.8,0
LaLiga,Leganes,es,Rubén Pérez,30, M(C),178,73,11,0,939,0,0,4,0,0.6,77,0,0.9,6.46,1.9,1.7,1.5,0.1,1.5,1.5,0.3,0,0.6,0.5,0.3,1.3,0,0.1,0.8,41.2,77,0,3.9,0
LaLiga,Leganes,es,Christian Rivera,22, M(C),191,87,3,1,302,0,0,3,0,0.3,83.9,0,1.5,6.39,1.5,1,1.5,0,1.3,0.5,0.8,0,0.3,0.3,0.5,1.3,0,0.8,0.8,29.5,83.9,0.3,2,0
LaLiga,Leganes,ng,Kenneth Omeruo,26, D(C),185,81,10,0,880,0,0,4,0,0.1,68.8,0,3,6.35,1.3,1.2,0.8,0.4,6,0.3,0.6,0,0.1,0,0,0.3,0,0,0.5,25.6,68.8,0,3.3,0
LaLiga,Leganes,es,José Arnáiz,24, Forward,175,70,2,8,292,0,0,1,0,0.9,81.9,0,0.1,6.26,0.3,0.1,0.6,0,0.1,0.3,0,0,0.9,0.6,1.2,0.6,0.1,0.8,1.2,7.2,81.9,0.3,0.1,0
LaLiga,Leganes,,Javier Avilés,22, Forward,181,0,0,1,12,0,0,0,0,0,66.7,0,0,6.15,2,0,0,0,0,0,0,0,0,0,0,0,0,0,0,6,66.7,0,0,0
LaLiga,Leganes,es,Rodrigo Tarín,23, D(C),184,76,4,1,305,0,0,1,0,0.2,80.2,0,0.2,6.14,0.8,0.6,0.6,0.2,4.2,1,0,0,0.2,0,0,0.6,0,0,0,17.2,80.2,0,1,0
LaLiga,Leganes,es,Javier Eraso,29, AM(C),180,71,3,7,330,0,0,1,0,0.4,83.7,0,0.4,6.11,0.8,0.2,0.5,0,0.1,0.5,0,0,0.4,0.4,0.1,0.4,0.1,1,0.9,10.4,83.7,0.3,0.3,0
LaLiga,Leganes,es,Marc Navarro,24, D(R),188,79,3,1,220,0,0,1,0,1.3,67.2,0,0.8,6.08,0.8,0,1.5,0,0.8,0,0.3,0,1.3,0.3,0.3,0,0,0.5,0.3,14.5,67.2,0,0,0
LaLiga,Leganes,es,Aitor Ruibal,23, Forward,176,74,2,4,186,0,0,1,0,0.2,89.3,0,0,6.08,1,0,0.8,0,0.3,0.7,0,0,0.2,0.3,0.5,0.3,0.2,0.8,0.7,9.3,89.3,0.2,0.5,0
LaLiga,Leganes,es,Juan Soriano,22, GK,185,78,7,0,630,0,0,2,0,0.1,44.9,0,0.3,6.05,0,0,0.1,0,0.1,0,0,0,0.1,0,0,0.1,0,0,0,22.6,44.9,0,4.9,0
LaLiga,Leganes,es,Sabin Merino,27," AM(L),FW",187,78,1,1,78,0,0,0,0,0,71.4,0,0.5,6.01,0,0,0,0,0,0,0,0,0,0.5,0,0.5,0,0.5,0,10.5,71.4,0,0,0
LaLiga,Espanyol,fr,Sébastien Corchia,29," D(R),M(R)",176,69,3,0,270,0,0,1,0,1,85.2,1,0,7.08,0.7,1.7,1.3,0,1.7,0.7,0.7,0,1,2.3,2,1.7,0,1,1.3,40.7,85.2,3,1.7,0
LaLiga,Espanyol,ar,Jonathan Calleri,26, FW,181,72,6,2,592,1,1,1,0,2.9,58.2,0,5.6,6.73,0.6,0.3,1.3,0,0.8,0.8,0.1,0,2.9,0.8,0.4,1.1,0.8,1.4,2.5,13.8,58.2,0.3,0.1,0
LaLiga,Espanyol,es,Víctor Sánchez,32," D(LR),M(CL)",174,72,15,0,1231,0,1,5,0,0.3,82.4,0,1.5,6.66,3.1,1.1,2.1,0.1,0.9,2.1,0.3,0,0.3,1.4,0.7,1.5,0,1.3,1.3,45.8,82.4,1.1,2.2,0
LaLiga,Espanyol,es,Javi López,33," D(R),DMC",180,76,5,1,451,0,0,1,0,0.3,71.4,0,1,6.54,2.5,1.3,1,0.3,1.3,1.2,0.3,0,0.3,0.3,1,1.3,0,0.7,0.8,29.2,71.4,0.2,1.8,0
LaLiga,Espanyol,es,Sergi Darder,25, M(CL),180,71,13,2,1128,1,0,1,0,1.7,77.3,0,0.8,6.50,1.5,0.7,0.6,0,0.8,1.2,0.1,0,1.7,1.3,0.6,1.1,0.1,0.9,1.2,32.3,77.3,0.6,2.1,0
LaLiga,Espanyol,es,Diego López,38, GK,196,89,16,0,1440,0,0,1,0,0,57.7,0,0.1,6.48,0.1,0.1,0,0,0.7,0.1,0,0,0,0,0.1,0.3,0,0,0,29.7,57.7,0,6.8,0
LaLiga,Espanyol,es,Marc Roca,23, DMC,184,74,16,0,1365,2,0,2,0,1.3,82.8,0,1.1,6.48,2.1,1.3,2.1,0.1,1.8,0.9,0.4,0,1.3,0.4,0.2,0.6,0,0.7,1.2,55.5,82.8,0,5.8,0.1
LaLiga,Espanyol,es,Adrià Pedrosa,21," D(L),M(L)",176,69,8,2,729,1,0,1,0,1.2,80.4,0,0.5,6.46,0.7,0.4,0.4,0.2,1.2,1.4,0,0,1.2,0.3,1.3,1.1,0.1,0.7,2.3,24,80.4,0.4,1.4,0.1
LaLiga,Espanyol,es,David López,30," D(C),DMC",183,81,9,3,826,0,1,0,0,0.3,79.8,0,2.6,6.44,1.2,1.3,0.9,0.3,2.4,0.8,0.5,0,0.3,0.4,0,0.9,0,0.4,0.3,44.5,79.8,0.2,3.3,0.1
LaLiga,Espanyol,es,Dídac Vilá,30, D(L),185,74,9,2,842,0,0,1,0,0.4,69.3,0,2.2,6.42,1.8,1.3,0.8,0.3,2.1,0.9,0.2,0,0.4,0.6,0.4,0.7,0,0.4,1.2,35.5,69.3,0.1,1.6,0
LaLiga,Espanyol,ar,Matías Vargas,22," AM(CL),FW",168,66,10,3,860,0,2,1,0,1.3,69.1,0,0.2,6.42,0.8,0.1,0.5,0,0.3,1.1,0.2,0,1.3,1.1,1.6,1.2,0.1,2.6,2.3,21.2,69.1,0.6,0.6,0.1
LaLiga,Espanyol,co,Bernardo Espinosa,30, D(C),192,85,8,0,720,1,0,2,0,0.6,70.8,1,4.4,6.41,0.9,0.5,1.5,0.3,3.8,0.1,0.9,0,0.6,0.1,0.1,0.6,0.1,0,0.1,46.3,70.8,0,4,0
LaLiga,Espanyol,es,Esteban Granero,32, M(CLR),180,78,3,6,334,1,0,3,0,0.8,79,0,0.6,6.37,0.8,0.2,1.2,0,0.4,0.3,0.2,0,0.8,0.6,0.7,0.4,0,0.9,1.2,17.4,79,0.4,0.9,0
LaLiga,Espanyol,ar,Facundo Ferreyra,28, FW,183,79,5,4,475,1,0,0,0,0.7,62.5,0,1.9,6.36,0.7,0.2,2.1,0,0.3,0.6,0,0,0.7,0.2,0.2,0.9,0.4,0.8,1.3,9.8,62.5,0.1,0.1,0
LaLiga,Espanyol,cn,Wu Lei,28," AM(CLR),FW",174,66,10,4,826,1,0,1,0,1.4,69,0,0.8,6.31,0.5,0.6,0.7,0,0.4,1.3,0.1,0,1.4,0.6,0.6,0.7,0.4,0.6,1.5,10.1,69,0.1,0.1,0
LaLiga,Espanyol,br,Naldo,31, D(C),188,80,11,1,947,0,0,5,1,0.6,85.2,0,1.7,6.26,1.3,1.3,1.3,0.4,2.5,0.5,0.3,0,0.6,0.2,0.2,0.3,0,0.3,0.4,47.3,85.2,0.1,3.6,0
LaLiga,Espanyol,es,Víctor Gómez,19, M(R),171,0,7,0,617,0,0,1,0,0.4,68.4,0,0.4,6.23,1.3,0.9,1.4,0.3,1.3,1,0,1,0.4,1,0.7,1.6,0,0.1,0.9,37.6,68.4,1.3,1.6,0
LaLiga,Espanyol,es,Óscar Melendo,22, AM(CR),167,63,4,4,389,0,0,0,0,0.3,82.2,0,0.4,6.16,0.5,0.3,0.5,0,0,0.4,0.3,0,0.3,0.9,0.4,1.5,0,0.8,0.8,16.9,82.2,0.1,0,0
LaLiga,Espanyol,es,Fernando Calero,24, D(C),183,71,9,1,766,0,0,2,1,0,87.3,0,1.3,6.15,1,0.4,0.4,0.2,3.6,0.7,0.4,0,0,0,0.1,0.4,0,0,0.5,48.9,87.3,0,2.2,0
LaLiga,Espanyol,es,Víctor Campuzano,22, FW,174,72,5,6,550,0,0,2,0,0.8,64.8,0,0.9,6.12,0.8,0.1,1.5,0,0.3,1.3,0,0,0.8,0.1,0.5,0.8,0.9,1,1.6,8.3,64.8,0,0.2,0
LaLiga,Espanyol,ar,Pablo Piatti,30, M(LR),163,63,0,3,54,0,0,0,0,1,85.7,0,0.3,6.09,0.7,0,0,0,0.3,0.3,0,0,1,0,0.3,0.7,0.3,0,1,7,85.7,0,0,0
LaLiga,Espanyol,,Pol Lozano,20, Midfielder,177,62,0,1,17,0,0,0,0,0,100,0,0,5.99,1,0,0,0,0,2,0,0,0,0,0,0,0,0,0,6,100,0,0,0
LaLiga,Espanyol,es,Lluís López,22, D(C),182,79,3,0,270,0,0,1,0,0.7,90.3,0,1.7,5.96,1.3,0.3,0.7,0.7,2,0,0,0,0.7,0,0.3,0.3,0,0.3,0.3,75.3,90.3,0,3,0
LaLiga,Espanyol,cm,Kevin Soni,21, Forward,183,76,0,1,3,0,0,0,0,0,50,0,0,5.90,0,0,2,0,0,0,0,0,0,0,0,0,0,0,1,2,50,0,0,0
LaLiga,Espanyol,,Pipa,21, Defender,176,72,1,1,116,0,0,1,0,0.5,69.7,0,1,5.84,1,0.5,1.5,0,0.5,0.5,0,0,0.5,0.5,0.5,0.5,0,0.5,1.5,16.5,69.7,0,0.5,0
